id,group,proposed_disposition,reason,family,observation_id
VAL-LHHS-00385,G001,A,"informational: the memo lines printed under this total are 'of which' amounts or alternate (program-level) totals, not its parts; a memo breakdown cannot confirm the figure",memo-of-which,OBS-LHHS-0092
VAL-LHHS-00427,G001,A,"informational: the memo lines printed under this total are 'of which' amounts or alternate (program-level) totals, not its parts; a memo breakdown cannot confirm the figure",memo-of-which,OBS-LHHS-0100
VAL-LHHS-00438,G001,A,"informational: the memo lines printed under this total are 'of which' amounts or alternate (program-level) totals, not its parts; a memo breakdown cannot confirm the figure",memo-of-which,OBS-LHHS-0102
VAL-LHHS-01705,G001,A,"informational: the memo lines printed under this total are 'of which' amounts or alternate (program-level) totals, not its parts; a memo breakdown cannot confirm the figure",memo-of-which,OBS-LHHS-0410
VAL-LHHS-01738,G001,A,"informational: the memo lines printed under this total are 'of which' amounts or alternate (program-level) totals, not its parts; a memo breakdown cannot confirm the figure",memo-of-which,OBS-LHHS-0416
VAL-LHHS-01749,G001,A,"informational: the memo lines printed under this total are 'of which' amounts or alternate (program-level) totals, not its parts; a memo breakdown cannot confirm the figure",memo-of-which,OBS-LHHS-0418
VAL-LHHS-03712,G001,A,"informational: the memo lines printed under this total are 'of which' amounts or alternate (program-level) totals, not its parts; a memo breakdown cannot confirm the figure",memo-of-which,OBS-LHHS-0935
VAL-LHHS-03731,G001,A,"informational: the memo lines printed under this total are 'of which' amounts or alternate (program-level) totals, not its parts; a memo breakdown cannot confirm the figure",memo-of-which,OBS-LHHS-0939
VAL-LHHS-03736,G001,A,"informational: the memo lines printed under this total are 'of which' amounts or alternate (program-level) totals, not its parts; a memo breakdown cannot confirm the figure",memo-of-which,OBS-LHHS-0940
VAL-LHHS-03856,G001,A,"informational: the memo lines printed under this total are 'of which' amounts or alternate (program-level) totals, not its parts; a memo breakdown cannot confirm the figure",memo-of-which,OBS-LHHS-0968
VAL-LHHS-03884,G001,A,"informational: the memo lines printed under this total are 'of which' amounts or alternate (program-level) totals, not its parts; a memo breakdown cannot confirm the figure",memo-of-which,OBS-LHHS-0973
VAL-LHHS-03889,G001,A,"informational: the memo lines printed under this total are 'of which' amounts or alternate (program-level) totals, not its parts; a memo breakdown cannot confirm the figure",memo-of-which,OBS-LHHS-0974
VAL-LHHS-06102,G001,A,"informational: the memo lines printed under this total are 'of which' amounts or alternate (program-level) totals, not its parts; a memo breakdown cannot confirm the figure",memo-of-which,OBS-LHHS-1583
VAL-LHHS-06129,G001,A,"informational: the memo lines printed under this total are 'of which' amounts or alternate (program-level) totals, not its parts; a memo breakdown cannot confirm the figure",memo-of-which,OBS-LHHS-1588
VAL-LHHS-06135,G001,A,"informational: the memo lines printed under this total are 'of which' amounts or alternate (program-level) totals, not its parts; a memo breakdown cannot confirm the figure",memo-of-which,OBS-LHHS-1589
VAL-LHHS-06427,G001,A,"informational: the memo lines printed under this total are 'of which' amounts or alternate (program-level) totals, not its parts; a memo breakdown cannot confirm the figure",memo-of-which,OBS-LHHS-1668
VAL-LHHS-06455,G001,A,"informational: the memo lines printed under this total are 'of which' amounts or alternate (program-level) totals, not its parts; a memo breakdown cannot confirm the figure",memo-of-which,OBS-LHHS-1673
VAL-LHHS-06461,G001,A,"informational: the memo lines printed under this total are 'of which' amounts or alternate (program-level) totals, not its parts; a memo breakdown cannot confirm the figure",memo-of-which,OBS-LHHS-1674
VAL-LHHS-06633,G001,A,"informational: the memo lines printed under this total are 'of which' amounts or alternate (program-level) totals, not its parts; a memo breakdown cannot confirm the figure",memo-of-which,OBS-LHHS-1719
VAL-LHHS-06661,G001,A,"informational: the memo lines printed under this total are 'of which' amounts or alternate (program-level) totals, not its parts; a memo breakdown cannot confirm the figure",memo-of-which,OBS-LHHS-1724
VAL-LHHS-06667,G001,A,"informational: the memo lines printed under this total are 'of which' amounts or alternate (program-level) totals, not its parts; a memo breakdown cannot confirm the figure",memo-of-which,OBS-LHHS-1725
VAL-LHHS-00376,G002,A,"informational: the memo lines printed under this total are 'of which' amounts or alternate (program-level) totals, not its parts; a memo breakdown cannot confirm the figure",memo-of-which,OBS-LHHS-0090
VAL-LHHS-00397,G002,A,"informational: the memo lines printed under this total are 'of which' amounts or alternate (program-level) totals, not its parts; a memo breakdown cannot confirm the figure",memo-of-which,OBS-LHHS-0094
VAL-LHHS-00406,G002,A,"informational: the memo lines printed under this total are 'of which' amounts or alternate (program-level) totals, not its parts; a memo breakdown cannot confirm the figure",memo-of-which,OBS-LHHS-0096
VAL-LHHS-01411,G002,A,"informational: the memo lines printed under this total are 'of which' amounts or alternate (program-level) totals, not its parts; a memo breakdown cannot confirm the figure",memo-of-which,OBS-LHHS-0343
VAL-LHHS-01700,G002,A,"informational: the memo lines printed under this total are 'of which' amounts or alternate (program-level) totals, not its parts; a memo breakdown cannot confirm the figure",memo-of-which,OBS-LHHS-0409
VAL-LHHS-01716,G002,A,"informational: the memo lines printed under this total are 'of which' amounts or alternate (program-level) totals, not its parts; a memo breakdown cannot confirm the figure",memo-of-which,OBS-LHHS-0412
VAL-LHHS-01721,G002,A,"informational: the memo lines printed under this total are 'of which' amounts or alternate (program-level) totals, not its parts; a memo breakdown cannot confirm the figure",memo-of-which,OBS-LHHS-0413
VAL-LHHS-03833,G002,A,"informational: the memo lines printed under this total are 'of which' amounts or alternate (program-level) totals, not its parts; a memo breakdown cannot confirm the figure",memo-of-which,OBS-LHHS-0964
VAL-LHHS-03862,G002,A,"informational: the memo lines printed under this total are 'of which' amounts or alternate (program-level) totals, not its parts; a memo breakdown cannot confirm the figure",memo-of-which,OBS-LHHS-0969
VAL-LHHS-03867,G002,A,"informational: the memo lines printed under this total are 'of which' amounts or alternate (program-level) totals, not its parts; a memo breakdown cannot confirm the figure",memo-of-which,OBS-LHHS-0970
VAL-LHHS-05928,G002,A,"informational: the memo lines printed under this total are 'of which' amounts or alternate (program-level) totals, not its parts; a memo breakdown cannot confirm the figure",memo-of-which,OBS-LHHS-1544
VAL-LHHS-05950,G002,A,"informational: the memo lines printed under this total are 'of which' amounts or alternate (program-level) totals, not its parts; a memo breakdown cannot confirm the figure",memo-of-which,OBS-LHHS-1549
VAL-LHHS-06080,G002,A,"informational: the memo lines printed under this total are 'of which' amounts or alternate (program-level) totals, not its parts; a memo breakdown cannot confirm the figure",memo-of-which,OBS-LHHS-1579
VAL-LHHS-06108,G002,A,"informational: the memo lines printed under this total are 'of which' amounts or alternate (program-level) totals, not its parts; a memo breakdown cannot confirm the figure",memo-of-which,OBS-LHHS-1584
VAL-LHHS-06113,G002,A,"informational: the memo lines printed under this total are 'of which' amounts or alternate (program-level) totals, not its parts; a memo breakdown cannot confirm the figure",memo-of-which,OBS-LHHS-1585
VAL-LHHS-06617,G002,A,"informational: the memo lines printed under this total are 'of which' amounts or alternate (program-level) totals, not its parts; a memo breakdown cannot confirm the figure",memo-of-which,OBS-LHHS-1715
VAL-LHHS-06639,G002,A,"informational: the memo lines printed under this total are 'of which' amounts or alternate (program-level) totals, not its parts; a memo breakdown cannot confirm the figure",memo-of-which,OBS-LHHS-1720
VAL-LHHS-06644,G002,A,"informational: the memo lines printed under this total are 'of which' amounts or alternate (program-level) totals, not its parts; a memo breakdown cannot confirm the figure",memo-of-which,OBS-LHHS-1721
VAL-LHHS-01789,G003,A,"informational: the memo lines printed under this total are 'of which' amounts or alternate (program-level) totals, not its parts; a memo breakdown cannot confirm the figure",memo-of-which,OBS-LHHS-0428
VAL-LHHS-01800,G003,A,"informational: the memo lines printed under this total are 'of which' amounts or alternate (program-level) totals, not its parts; a memo breakdown cannot confirm the figure",memo-of-which,OBS-LHHS-0430
VAL-LHHS-03742,G003,A,"informational: the memo lines printed under this total are 'of which' amounts or alternate (program-level) totals, not its parts; a memo breakdown cannot confirm the figure",memo-of-which,OBS-LHHS-0941
VAL-LHHS-03762,G003,A,"informational: the memo lines printed under this total are 'of which' amounts or alternate (program-level) totals, not its parts; a memo breakdown cannot confirm the figure",memo-of-which,OBS-LHHS-0945
VAL-LHHS-03768,G003,A,"informational: the memo lines printed under this total are 'of which' amounts or alternate (program-level) totals, not its parts; a memo breakdown cannot confirm the figure",memo-of-which,OBS-LHHS-0946
VAL-LHHS-06141,G003,A,"informational: the memo lines printed under this total are 'of which' amounts or alternate (program-level) totals, not its parts; a memo breakdown cannot confirm the figure",memo-of-which,OBS-LHHS-1590
VAL-LHHS-06161,G003,A,"informational: the memo lines printed under this total are 'of which' amounts or alternate (program-level) totals, not its parts; a memo breakdown cannot confirm the figure",memo-of-which,OBS-LHHS-1594
VAL-LHHS-06167,G003,A,"informational: the memo lines printed under this total are 'of which' amounts or alternate (program-level) totals, not its parts; a memo breakdown cannot confirm the figure",memo-of-which,OBS-LHHS-1595
VAL-LHHS-06467,G003,A,"informational: the memo lines printed under this total are 'of which' amounts or alternate (program-level) totals, not its parts; a memo breakdown cannot confirm the figure",memo-of-which,OBS-LHHS-1675
VAL-LHHS-06487,G003,A,"informational: the memo lines printed under this total are 'of which' amounts or alternate (program-level) totals, not its parts; a memo breakdown cannot confirm the figure",memo-of-which,OBS-LHHS-1679
VAL-LHHS-06493,G003,A,"informational: the memo lines printed under this total are 'of which' amounts or alternate (program-level) totals, not its parts; a memo breakdown cannot confirm the figure",memo-of-which,OBS-LHHS-1680
VAL-LHHS-06673,G003,A,"informational: the memo lines printed under this total are 'of which' amounts or alternate (program-level) totals, not its parts; a memo breakdown cannot confirm the figure",memo-of-which,OBS-LHHS-1726
VAL-LHHS-06693,G003,A,"informational: the memo lines printed under this total are 'of which' amounts or alternate (program-level) totals, not its parts; a memo breakdown cannot confirm the figure",memo-of-which,OBS-LHHS-1730
VAL-LHHS-06699,G003,A,"informational: the memo lines printed under this total are 'of which' amounts or alternate (program-level) totals, not its parts; a memo breakdown cannot confirm the figure",memo-of-which,OBS-LHHS-1731
VAL-LHHS-01762,G004,A,"informational: the memo lines printed under this total are 'of which' amounts or alternate (program-level) totals, not its parts; a memo breakdown cannot confirm the figure",memo-of-which,OBS-LHHS-0422
VAL-LHHS-01773,G004,A,"informational: the memo lines printed under this total are 'of which' amounts or alternate (program-level) totals, not its parts; a memo breakdown cannot confirm the figure",memo-of-which,OBS-LHHS-0424
VAL-LHHS-03726,G004,A,"informational: the memo lines printed under this total are 'of which' amounts or alternate (program-level) totals, not its parts; a memo breakdown cannot confirm the figure",memo-of-which,OBS-LHHS-0938
VAL-LHHS-03747,G004,A,"informational: the memo lines printed under this total are 'of which' amounts or alternate (program-level) totals, not its parts; a memo breakdown cannot confirm the figure",memo-of-which,OBS-LHHS-0942
VAL-LHHS-03753,G004,A,"informational: the memo lines printed under this total are 'of which' amounts or alternate (program-level) totals, not its parts; a memo breakdown cannot confirm the figure",memo-of-which,OBS-LHHS-0943
VAL-LHHS-06118,G004,A,"informational: the memo lines printed under this total are 'of which' amounts or alternate (program-level) totals, not its parts; a memo breakdown cannot confirm the figure",memo-of-which,OBS-LHHS-1586
VAL-LHHS-06146,G004,A,"informational: the memo lines printed under this total are 'of which' amounts or alternate (program-level) totals, not its parts; a memo breakdown cannot confirm the figure",memo-of-which,OBS-LHHS-1591
VAL-LHHS-06152,G004,A,"informational: the memo lines printed under this total are 'of which' amounts or alternate (program-level) totals, not its parts; a memo breakdown cannot confirm the figure",memo-of-which,OBS-LHHS-1592
VAL-LHHS-06444,G004,A,"informational: the memo lines printed under this total are 'of which' amounts or alternate (program-level) totals, not its parts; a memo breakdown cannot confirm the figure",memo-of-which,OBS-LHHS-1671
VAL-LHHS-06472,G004,A,"informational: the memo lines printed under this total are 'of which' amounts or alternate (program-level) totals, not its parts; a memo breakdown cannot confirm the figure",memo-of-which,OBS-LHHS-1676
VAL-LHHS-06478,G004,A,"informational: the memo lines printed under this total are 'of which' amounts or alternate (program-level) totals, not its parts; a memo breakdown cannot confirm the figure",memo-of-which,OBS-LHHS-1677
VAL-LHHS-06650,G004,A,"informational: the memo lines printed under this total are 'of which' amounts or alternate (program-level) totals, not its parts; a memo breakdown cannot confirm the figure",memo-of-which,OBS-LHHS-1722
VAL-LHHS-06678,G004,A,"informational: the memo lines printed under this total are 'of which' amounts or alternate (program-level) totals, not its parts; a memo breakdown cannot confirm the figure",memo-of-which,OBS-LHHS-1727
VAL-LHHS-02103,G005,A,"informational: the memo lines printed under this total are 'of which' amounts or alternate (program-level) totals, not its parts; a memo breakdown cannot confirm the figure",memo-of-which,OBS-LHHS-0522
VAL-LHHS-02119,G005,A,"informational: the memo lines printed under this total are 'of which' amounts or alternate (program-level) totals, not its parts; a memo breakdown cannot confirm the figure",memo-of-which,OBS-LHHS-0525
VAL-LHHS-02150,G005,A,"informational: the memo lines printed under this total are 'of which' amounts or alternate (program-level) totals, not its parts; a memo breakdown cannot confirm the figure",memo-of-which,OBS-LHHS-0532
VAL-LHHS-02160,G005,A,"informational: the memo lines printed under this total are 'of which' amounts or alternate (program-level) totals, not its parts; a memo breakdown cannot confirm the figure",memo-of-which,OBS-LHHS-0534
VAL-LHHS-03838,G005,A,"informational: the memo lines printed under this total are 'of which' amounts or alternate (program-level) totals, not its parts; a memo breakdown cannot confirm the figure",memo-of-which,OBS-LHHS-0965
VAL-LHHS-03844,G005,A,"informational: the memo lines printed under this total are 'of which' amounts or alternate (program-level) totals, not its parts; a memo breakdown cannot confirm the figure",memo-of-which,OBS-LHHS-0966
VAL-LHHS-06084,G005,A,"informational: the memo lines printed under this total are 'of which' amounts or alternate (program-level) totals, not its parts; a memo breakdown cannot confirm the figure",memo-of-which,OBS-LHHS-1580
VAL-LHHS-06090,G005,A,"informational: the memo lines printed under this total are 'of which' amounts or alternate (program-level) totals, not its parts; a memo breakdown cannot confirm the figure",memo-of-which,OBS-LHHS-1581
VAL-LHHS-06409,G005,A,"informational: the memo lines printed under this total are 'of which' amounts or alternate (program-level) totals, not its parts; a memo breakdown cannot confirm the figure",memo-of-which,OBS-LHHS-1665
VAL-LHHS-06415,G005,A,"informational: the memo lines printed under this total are 'of which' amounts or alternate (program-level) totals, not its parts; a memo breakdown cannot confirm the figure",memo-of-which,OBS-LHHS-1666
VAL-LHHS-00460,G006,A,"informational: the memo lines printed under this total are 'of which' amounts or alternate (program-level) totals, not its parts; a memo breakdown cannot confirm the figure",memo-of-which,OBS-LHHS-0107
VAL-LHHS-01782,G006,A,"informational: the memo lines printed under this total are 'of which' amounts or alternate (program-level) totals, not its parts; a memo breakdown cannot confirm the figure",memo-of-which,OBS-LHHS-0426
VAL-LHHS-03758,G006,A,"informational: the memo lines printed under this total are 'of which' amounts or alternate (program-level) totals, not its parts; a memo breakdown cannot confirm the figure",memo-of-which,OBS-LHHS-0944
VAL-LHHS-03910,G006,A,"informational: the memo lines printed under this total are 'of which' amounts or alternate (program-level) totals, not its parts; a memo breakdown cannot confirm the figure",memo-of-which,OBS-LHHS-0978
VAL-LHHS-06157,G006,A,"informational: the memo lines printed under this total are 'of which' amounts or alternate (program-level) totals, not its parts; a memo breakdown cannot confirm the figure",memo-of-which,OBS-LHHS-1593
VAL-LHHS-06483,G006,A,"informational: the memo lines printed under this total are 'of which' amounts or alternate (program-level) totals, not its parts; a memo breakdown cannot confirm the figure",memo-of-which,OBS-LHHS-1678
VAL-LHHS-06689,G006,A,"informational: the memo lines printed under this total are 'of which' amounts or alternate (program-level) totals, not its parts; a memo breakdown cannot confirm the figure",memo-of-which,OBS-LHHS-1729
VAL-LHHS-01374,G007,A,"informational: the memo lines printed under this total are 'of which' amounts or alternate (program-level) totals, not its parts; a memo breakdown cannot confirm the figure",memo-of-which,OBS-LHHS-0335
VAL-LHHS-01427,G007,A,"informational: the memo lines printed under this total are 'of which' amounts or alternate (program-level) totals, not its parts; a memo breakdown cannot confirm the figure",memo-of-which,OBS-LHHS-0347
VAL-LHHS-05955,G007,A,"informational: the memo lines printed under this total are 'of which' amounts or alternate (program-level) totals, not its parts; a memo breakdown cannot confirm the figure",memo-of-which,OBS-LHHS-1550
VAL-LHHS-06404,G007,A,"informational: the memo lines printed under this total are 'of which' amounts or alternate (program-level) totals, not its parts; a memo breakdown cannot confirm the figure",memo-of-which,OBS-LHHS-1664
VAL-LHHS-06433,G007,A,"informational: the memo lines printed under this total are 'of which' amounts or alternate (program-level) totals, not its parts; a memo breakdown cannot confirm the figure",memo-of-which,OBS-LHHS-1669
VAL-LHHS-06438,G007,A,"informational: the memo lines printed under this total are 'of which' amounts or alternate (program-level) totals, not its parts; a memo breakdown cannot confirm the figure",memo-of-which,OBS-LHHS-1670
VAL-LHHS-02262,G008,A,"informational: the memo lines printed under this total are 'of which' amounts or alternate (program-level) totals, not its parts; a memo breakdown cannot confirm the figure",memo-of-which,OBS-LHHS-0560
VAL-LHHS-02287,G008,A,"informational: the memo lines printed under this total are 'of which' amounts or alternate (program-level) totals, not its parts; a memo breakdown cannot confirm the figure",memo-of-which,OBS-LHHS-0565
VAL-LHHS-03850,G008,A,"informational: the memo lines printed under this total are 'of which' amounts or alternate (program-level) totals, not its parts; a memo breakdown cannot confirm the figure",memo-of-which,OBS-LHHS-0967
VAL-LHHS-06421,G008,A,"informational: the memo lines printed under this total are 'of which' amounts or alternate (program-level) totals, not its parts; a memo breakdown cannot confirm the figure",memo-of-which,OBS-LHHS-1667
VAL-LHHS-06627,G008,A,"informational: the memo lines printed under this total are 'of which' amounts or alternate (program-level) totals, not its parts; a memo breakdown cannot confirm the figure",memo-of-which,OBS-LHHS-1718
VAL-LHHS-06862,G009,A,"informational: the memo lines printed under this total are 'of which' amounts or alternate (program-level) totals, not its parts; a memo breakdown cannot confirm the figure",memo-of-which,OBS-LHHS-1767
VAL-LHHS-07082,G009,A,"informational: the memo lines printed under this total are 'of which' amounts or alternate (program-level) totals, not its parts; a memo breakdown cannot confirm the figure",memo-of-which,OBS-LHHS-1816
VAL-LHHS-07103,G009,A,"informational: the memo lines printed under this total are 'of which' amounts or alternate (program-level) totals, not its parts; a memo breakdown cannot confirm the figure",memo-of-which,OBS-LHHS-1820
VAL-LHHS-07151,G009,A,"informational: the memo lines printed under this total are 'of which' amounts or alternate (program-level) totals, not its parts; a memo breakdown cannot confirm the figure",memo-of-which,OBS-LHHS-1830
VAL-LHHS-07157,G009,A,"informational: the memo lines printed under this total are 'of which' amounts or alternate (program-level) totals, not its parts; a memo breakdown cannot confirm the figure",memo-of-which,OBS-LHHS-1831
VAL-LHHS-01727,G010,A,"informational: the memo lines printed under this total are 'of which' amounts or alternate (program-level) totals, not its parts; a memo breakdown cannot confirm the figure",memo-of-which,OBS-LHHS-0414
VAL-LHHS-06123,G010,A,"informational: the memo lines printed under this total are 'of which' amounts or alternate (program-level) totals, not its parts; a memo breakdown cannot confirm the figure",memo-of-which,OBS-LHHS-1587
VAL-LHHS-06449,G010,A,"informational: the memo lines printed under this total are 'of which' amounts or alternate (program-level) totals, not its parts; a memo breakdown cannot confirm the figure",memo-of-which,OBS-LHHS-1672
VAL-LHHS-06655,G010,A,"informational: the memo lines printed under this total are 'of which' amounts or alternate (program-level) totals, not its parts; a memo breakdown cannot confirm the figure",memo-of-which,OBS-LHHS-1723
VAL-LHHS-06096,G011,A,"informational: the memo lines printed under this total are 'of which' amounts or alternate (program-level) totals, not its parts; a memo breakdown cannot confirm the figure",memo-of-which,OBS-LHHS-1582
VAL-LHHS-07137,G012,A,"informational: the memo lines printed under this total are 'of which' amounts or alternate (program-level) totals, not its parts; a memo breakdown cannot confirm the figure",memo-of-which,OBS-LHHS-1827
VAL-LHHS-00108,G013,A,informational: the funding split printed under this total (Current year appropriations + Advance appropriations) sums exactly to it; the flag comes from the 'of which' lines in the same memo list,memo-split-closes,OBS-LHHS-0030
VAL-LHHS-00165,G013,A,informational: the funding split printed under this total (Current year appropriations + Advance appropriations) sums exactly to it; the flag comes from the 'of which' lines in the same memo list,memo-split-closes,OBS-LHHS-0042
VAL-LHHS-00180,G013,A,informational: the funding split printed under this total (Current year appropriations + Advance appropriations) sums exactly to it; the flag comes from the 'of which' lines in the same memo list,memo-split-closes,OBS-LHHS-0045
VAL-LHHS-00248,G013,A,informational: the funding split printed under this total (Federal funds + Trust Funds) sums exactly to it; the flag comes from the 'of which' lines in the same memo list,memo-split-closes,OBS-LHHS-0062
VAL-LHHS-00290,G013,A,informational: the funding split printed under this total (Federal funds + Trust Funds) sums exactly to it; the flag comes from the 'of which' lines in the same memo list,memo-split-closes,OBS-LHHS-0070
VAL-LHHS-00301,G013,A,informational: the funding split printed under this total (Federal funds + Trust Funds) sums exactly to it; the flag comes from the 'of which' lines in the same memo list,memo-split-closes,OBS-LHHS-0072
VAL-LHHS-00539,G013,A,informational: the funding split printed under this total (Discretionary + Mandatory) sums exactly to it; the flag comes from the 'of which' lines in the same memo list,memo-split-closes,OBS-LHHS-0126
VAL-LHHS-00577,G013,A,informational: the funding split printed under this total (Discretionary + Mandatory) sums exactly to it; the flag comes from the 'of which' lines in the same memo list,memo-split-closes,OBS-LHHS-0134
VAL-LHHS-00587,G013,A,informational: the funding split printed under this total (Discretionary + Mandatory) sums exactly to it; the flag comes from the 'of which' lines in the same memo list,memo-split-closes,OBS-LHHS-0136
VAL-LHHS-00911,G013,A,informational: the funding split printed under this total (Federal funds + Trust Funds) sums exactly to it; the flag comes from the 'of which' lines in the same memo list,memo-split-closes,OBS-LHHS-0214
VAL-LHHS-00934,G013,A,informational: the funding split printed under this total (Federal funds + Trust Funds) sums exactly to it; the flag comes from the 'of which' lines in the same memo list,memo-split-closes,OBS-LHHS-0218
VAL-LHHS-00940,G013,A,informational: the funding split printed under this total (Federal funds + Trust Funds) sums exactly to it; the flag comes from the 'of which' lines in the same memo list,memo-split-closes,OBS-LHHS-0219
VAL-LHHS-01596,G013,A,informational: the funding split printed under this total (Federal Funds + Trust Funds) sums exactly to it; the flag comes from the 'of which' lines in the same memo list,memo-split-closes,OBS-LHHS-0387
VAL-LHHS-01629,G013,A,informational: the funding split printed under this total (Federal Funds + Trust Funds) sums exactly to it; the flag comes from the 'of which' lines in the same memo list,memo-split-closes,OBS-LHHS-0393
VAL-LHHS-01640,G013,A,informational: the funding split printed under this total (Federal Funds + Trust Funds) sums exactly to it; the flag comes from the 'of which' lines in the same memo list,memo-split-closes,OBS-LHHS-0395
VAL-LHHS-00096,G014,A,informational: the funding split printed under this total (Current year appropriations + Advance appropriations) sums exactly to it; the flag comes from the 'of which' lines in the same memo list,memo-split-closes,OBS-LHHS-0027
VAL-LHHS-00123,G014,A,informational: the funding split printed under this total (Current year appropriations + Advance appropriations) sums exactly to it; the flag comes from the 'of which' lines in the same memo list,memo-split-closes,OBS-LHHS-0033
VAL-LHHS-00135,G014,A,informational: the funding split printed under this total (Current year appropriations + Advance appropriations) sums exactly to it; the flag comes from the 'of which' lines in the same memo list,memo-split-closes,OBS-LHHS-0036
VAL-LHHS-00239,G014,A,informational: the funding split printed under this total (Federal funds + Trust Funds) sums exactly to it; the flag comes from the 'of which' lines in the same memo list,memo-split-closes,OBS-LHHS-0060
VAL-LHHS-00259,G014,A,informational: the funding split printed under this total (Federal funds + Trust Funds) sums exactly to it; the flag comes from the 'of which' lines in the same memo list,memo-split-closes,OBS-LHHS-0064
VAL-LHHS-00268,G014,A,informational: the funding split printed under this total (Federal funds + Trust Funds) sums exactly to it; the flag comes from the 'of which' lines in the same memo list,memo-split-closes,OBS-LHHS-0066
VAL-LHHS-00906,G014,A,informational: the funding split printed under this total (Federal funds + Trust Funds) sums exactly to it; the flag comes from the 'of which' lines in the same memo list,memo-split-closes,OBS-LHHS-0213
VAL-LHHS-00917,G014,A,informational: the funding split printed under this total (Federal funds + Trust Funds) sums exactly to it; the flag comes from the 'of which' lines in the same memo list,memo-split-closes,OBS-LHHS-0215
VAL-LHHS-00922,G014,A,informational: the funding split printed under this total (Federal funds + Trust Funds) sums exactly to it; the flag comes from the 'of which' lines in the same memo list,memo-split-closes,OBS-LHHS-0216
VAL-LHHS-01591,G014,A,informational: the funding split printed under this total (Federal Funds + Trust Funds) sums exactly to it; the flag comes from the 'of which' lines in the same memo list,memo-split-closes,OBS-LHHS-0386
VAL-LHHS-01607,G014,A,informational: the funding split printed under this total (Federal Funds + Trust Funds) sums exactly to it; the flag comes from the 'of which' lines in the same memo list,memo-split-closes,OBS-LHHS-0389
VAL-LHHS-01612,G014,A,informational: the funding split printed under this total (Federal Funds + Trust Funds) sums exactly to it; the flag comes from the 'of which' lines in the same memo list,memo-split-closes,OBS-LHHS-0390
VAL-LHHS-00197,G015,A,informational: the funding split printed under this total (Current year appropriations + Advance appropriations) sums exactly to it; the flag comes from the 'of which' lines in the same memo list,memo-split-closes,OBS-LHHS-0050
VAL-LHHS-00207,G015,A,informational: the funding split printed under this total (Current year appropriations + Advance appropriations) sums exactly to it; the flag comes from the 'of which' lines in the same memo list,memo-split-closes,OBS-LHHS-0052
VAL-LHHS-00314,G015,A,informational: the funding split printed under this total (Federal Funds + Trust Funds) sums exactly to it; the flag comes from the 'of which' lines in the same memo list,memo-split-closes,OBS-LHHS-0076
VAL-LHHS-00599,G015,A,informational: the funding split printed under this total (Discretionary + Mandatory) sums exactly to it; the flag comes from the 'of which' lines in the same memo list,memo-split-closes,OBS-LHHS-0140
VAL-LHHS-00609,G015,A,informational: the funding split printed under this total (Discretionary + Mandatory) sums exactly to it; the flag comes from the 'of which' lines in the same memo list,memo-split-closes,OBS-LHHS-0142
VAL-LHHS-00947,G015,A,informational: the funding split printed under this total (Federal Funds + Trust Funds) sums exactly to it; the flag comes from the 'of which' lines in the same memo list,memo-split-closes,OBS-LHHS-0221
VAL-LHHS-00953,G015,A,informational: the funding split printed under this total (Federal Funds + Trust Funds) sums exactly to it; the flag comes from the 'of which' lines in the same memo list,memo-split-closes,OBS-LHHS-0222
VAL-LHHS-01653,G015,A,informational: the funding split printed under this total (Federal Funds + Trust Funds) sums exactly to it; the flag comes from the 'of which' lines in the same memo list,memo-split-closes,OBS-LHHS-0399
VAL-LHHS-01664,G015,A,informational: the funding split printed under this total (Federal Funds + Trust Funds) sums exactly to it; the flag comes from the 'of which' lines in the same memo list,memo-split-closes,OBS-LHHS-0401
VAL-LHHS-01864,G015,A,informational: the funding split printed under this total (Federal Funds + Trust Funds) sums exactly to it; the flag comes from the 'of which' lines in the same memo list,memo-split-closes,OBS-LHHS-0445
VAL-LHHS-01875,G015,A,informational: the funding split printed under this total (Federal Funds + Trust Funds) sums exactly to it; the flag comes from the 'of which' lines in the same memo list,memo-split-closes,OBS-LHHS-0447
VAL-LHHS-00221,G016,A,informational: the funding split printed under this total (Current year appropriations + Advance appropriations) sums exactly to it; the flag comes from the 'of which' lines in the same memo list,memo-split-closes,OBS-LHHS-0056
VAL-LHHS-00231,G016,A,informational: the funding split printed under this total (Current year appropriations + Advance appropriations) sums exactly to it; the flag comes from the 'of which' lines in the same memo list,memo-split-closes,OBS-LHHS-0058
VAL-LHHS-00341,G016,A,informational: the funding split printed under this total (Federal Funds + Trust Funds) sums exactly to it; the flag comes from the 'of which' lines in the same memo list,memo-split-closes,OBS-LHHS-0082
VAL-LHHS-00623,G016,A,informational: the funding split printed under this total (Discretionary + Mandatory) sums exactly to it; the flag comes from the 'of which' lines in the same memo list,memo-split-closes,OBS-LHHS-0146
VAL-LHHS-00633,G016,A,informational: the funding split printed under this total (Discretionary + Mandatory) sums exactly to it; the flag comes from the 'of which' lines in the same memo list,memo-split-closes,OBS-LHHS-0148
VAL-LHHS-00962,G016,A,informational: the funding split printed under this total (Federal Funds + Trust Funds) sums exactly to it; the flag comes from the 'of which' lines in the same memo list,memo-split-closes,OBS-LHHS-0224
VAL-LHHS-00968,G016,A,informational: the funding split printed under this total (Federal Funds + Trust Funds) sums exactly to it; the flag comes from the 'of which' lines in the same memo list,memo-split-closes,OBS-LHHS-0225
VAL-LHHS-01680,G016,A,informational: the funding split printed under this total (Federal Funds + Trust Funds) sums exactly to it; the flag comes from the 'of which' lines in the same memo list,memo-split-closes,OBS-LHHS-0405
VAL-LHHS-01691,G016,A,informational: the funding split printed under this total (Federal Funds + Trust Funds) sums exactly to it; the flag comes from the 'of which' lines in the same memo list,memo-split-closes,OBS-LHHS-0407
VAL-LHHS-01890,G016,A,informational: the funding split printed under this total (Federal Funds + Trust Funds) sums exactly to it; the flag comes from the 'of which' lines in the same memo list,memo-split-closes,OBS-LHHS-0451
VAL-LHHS-01901,G016,A,informational: the funding split printed under this total (Federal Funds + Trust Funds) sums exactly to it; the flag comes from the 'of which' lines in the same memo list,memo-split-closes,OBS-LHHS-0453
VAL-LHHS-00150,G017,A,informational: the funding split printed under this total (Current year appropriations + Advance appropriations) sums exactly to it; the flag comes from the 'of which' lines in the same memo list,memo-split-closes,OBS-LHHS-0039
VAL-LHHS-00279,G017,A,informational: the funding split printed under this total (Federal funds + Trust Funds) sums exactly to it; the flag comes from the 'of which' lines in the same memo list,memo-split-closes,OBS-LHHS-0068
VAL-LHHS-00567,G017,A,informational: the funding split printed under this total (Discretionary + Mandatory) sums exactly to it; the flag comes from the 'of which' lines in the same memo list,memo-split-closes,OBS-LHHS-0132
VAL-LHHS-00928,G017,A,informational: the funding split printed under this total (Federal funds + Trust Funds) sums exactly to it; the flag comes from the 'of which' lines in the same memo list,memo-split-closes,OBS-LHHS-0217
VAL-LHHS-01618,G017,A,informational: the funding split printed under this total (Federal Funds + Trust Funds) sums exactly to it; the flag comes from the 'of which' lines in the same memo list,memo-split-closes,OBS-LHHS-0391
VAL-LHHS-00215,G018,A,informational: the funding split printed under this total (Current year appropriations + Advance appropriations) sums exactly to it; the flag comes from the 'of which' lines in the same memo list,memo-split-closes,OBS-LHHS-0054
VAL-LHHS-00334,G018,A,informational: the funding split printed under this total (Federal funds + Trust Funds) sums exactly to it; the flag comes from the 'of which' lines in the same memo list,memo-split-closes,OBS-LHHS-0080
VAL-LHHS-00617,G018,A,informational: the funding split printed under this total (Discretionary + Mandatory) sums exactly to it; the flag comes from the 'of which' lines in the same memo list,memo-split-closes,OBS-LHHS-0144
VAL-LHHS-00958,G018,A,informational: the funding split printed under this total (Federal funds + Trust Funds) sums exactly to it; the flag comes from the 'of which' lines in the same memo list,memo-split-closes,OBS-LHHS-0223
VAL-LHHS-01673,G018,A,informational: the funding split printed under this total (Federal Funds + Trust Funds) sums exactly to it; the flag comes from the 'of which' lines in the same memo list,memo-split-closes,OBS-LHHS-0403
VAL-LHHS-06745,G019,A,informational: the funding split printed under this total (Current year appropriations + Advance appropriations) sums exactly to it; the flag comes from the 'of which' lines in the same memo list,memo-split-closes,OBS-LHHS-1741
VAL-LHHS-06760,G019,A,informational: the funding split printed under this total (Federal funds + Trust Funds) sums exactly to it; the flag comes from the 'of which' lines in the same memo list,memo-split-closes,OBS-LHHS-1744
VAL-LHHS-06852,G019,A,informational: the funding split printed under this total (Discretionary + Mandatory) sums exactly to it; the flag comes from the 'of which' lines in the same memo list,memo-split-closes,OBS-LHHS-1765
VAL-LHHS-06900,G019,A,informational: the funding split printed under this total (Federal funds + Trust Funds) sums exactly to it; the flag comes from the 'of which' lines in the same memo list,memo-split-closes,OBS-LHHS-1774
VAL-LHHS-07126,G019,A,informational: the funding split printed under this total (Federal Funds + Trust Funds) sums exactly to it; the flag comes from the 'of which' lines in the same memo list,memo-split-closes,OBS-LHHS-1825
VAL-LHHS-00531,G020,A,informational: the funding split printed under this total (Discretionary + Mandatory) sums exactly to it; the flag comes from the 'of which' lines in the same memo list,memo-split-closes,OBS-LHHS-0124
VAL-LHHS-00549,G020,A,informational: the funding split printed under this total (Discretionary + Mandatory) sums exactly to it; the flag comes from the 'of which' lines in the same memo list,memo-split-closes,OBS-LHHS-0128
VAL-LHHS-00557,G020,A,informational: the funding split printed under this total (Discretionary + Mandatory) sums exactly to it; the flag comes from the 'of which' lines in the same memo list,memo-split-closes,OBS-LHHS-0130
VAL-LHHS-01995,G021,A,informational: the funding split printed under this total (Federal funds + Trust Funds) sums exactly to it; the flag comes from the 'of which' lines in the same memo list,memo-split-closes,OBS-LHHS-0498
VAL-LHHS-02006,G022,B,check the printed page: the funding split (Federal funds; Trust Funds) does not sum to the total; confirm whether a footnoted line (e.g. 'Prevention and Public Health Fund 1/') is part of it,memo-split-open,OBS-LHHS-0500
VAL-LHHS-02328,G023,A,"parse artifact: the model-read indent nests this Medicaid line under 'Vaccines for Children' (e.g. 5,608,606 vs 197,580,474); no sum relationship exists",nested-misread,OBS-LHHS-0568
VAL-LHHS-02342,G023,A,"parse artifact: the model-read indent nests this Medicaid line under 'Vaccines for Children' (e.g. 5,608,606 vs 197,580,474); no sum relationship exists",nested-misread,OBS-LHHS-0570
VAL-LHHS-00758,G024,A,"parse artifact: the model-read indent nests this Medicaid line under 'Vaccines for Children' (e.g. 5,608,606 vs 197,580,474); no sum relationship exists",nested-misread,OBS-LHHS-0178
VAL-LHHS-00780,G024,A,"parse artifact: the model-read indent nests this Medicaid line under 'Vaccines for Children' (e.g. 5,608,606 vs 197,580,474); no sum relationship exists",nested-misread,OBS-LHHS-0183
VAL-LHHS-00821,G025,A,"parse artifact: the model-read indent nests this Medicaid line under 'Vaccines for Children' (e.g. 5,608,606 vs 197,580,474); no sum relationship exists",nested-misread,OBS-LHHS-0193
VAL-LHHS-00844,G025,A,"parse artifact: the model-read indent nests this Medicaid line under 'Vaccines for Children' (e.g. 5,608,606 vs 197,580,474); no sum relationship exists",nested-misread,OBS-LHHS-0198
VAL-LHHS-00684,G026,A,"parse artifact: the model-read indent nests this Medicaid line under 'Vaccines for Children' (e.g. 5,608,606 vs 197,580,474); no sum relationship exists",nested-misread,OBS-LHHS-0158
VAL-LHHS-06880,G027,A,"parse artifact: the model-read indent nests this Medicaid line under 'Vaccines for Children' (e.g. 5,608,606 vs 197,580,474); no sum relationship exists",nested-misread,OBS-LHHS-1770
VAL-LHHS-06912,G028,B,check the printed indent: the nesting was read by the model and the parent does not equal its indented lines,nested-other,OBS-LHHS-1776
VAL-LHHS-03711,G029,A,"informational: the table prints no lines under this total, so the sum check has nothing to compare",no-children,OBS-LHHS-0935
VAL-LHHS-03730,G029,A,"informational: the table prints no lines under this total, so the sum check has nothing to compare",no-children,OBS-LHHS-0939
VAL-LHHS-03735,G029,A,"informational: the table prints no lines under this total, so the sum check has nothing to compare",no-children,OBS-LHHS-0940
VAL-LHHS-03707,G030,A,"informational: the table prints no lines under this total, so the sum check has nothing to compare",no-children,OBS-LHHS-0934
VAL-LHHS-03716,G030,A,"informational: the table prints no lines under this total, so the sum check has nothing to compare",no-children,OBS-LHHS-0936
VAL-LHHS-03720,G030,A,"informational: the table prints no lines under this total, so the sum check has nothing to compare",no-children,OBS-LHHS-0937
VAL-LHHS-00046,G031,A,"informational: the table prints no lines under this total, so the sum check has nothing to compare",no-children,OBS-LHHS-0015
VAL-LHHS-00066,G031,A,"informational: the table prints no lines under this total, so the sum check has nothing to compare",no-children,OBS-LHHS-0019
VAL-LHHS-00071,G031,A,"informational: the table prints no lines under this total, so the sum check has nothing to compare",no-children,OBS-LHHS-0020
VAL-LHHS-01980,G032,A,"informational: the table prints no lines under this total, so the sum check has nothing to compare",no-children,OBS-LHHS-0495
VAL-LHHS-01990,G032,A,"informational: the table prints no lines under this total, so the sum check has nothing to compare",no-children,OBS-LHHS-0497
VAL-LHHS-00061,G033,A,"informational: the table prints no lines under this total, so the sum check has nothing to compare",no-children,OBS-LHHS-0018
VAL-LHHS-02200,G034,A,"informational: the table prints no lines under this total, so the sum check has nothing to compare",no-children,OBS-LHHS-0547
VAL-LHHS-00095,G035,A,"informational: the parser could not place every printed line under this total, so the sum was not checked; no check disagrees with the figure",children-incomplete,OBS-LHHS-0027
VAL-LHHS-00122,G035,A,"informational: the parser could not place every printed line under this total, so the sum was not checked; no check disagrees with the figure",children-incomplete,OBS-LHHS-0033
VAL-LHHS-00134,G035,A,"informational: the parser could not place every printed line under this total, so the sum was not checked; no check disagrees with the figure",children-incomplete,OBS-LHHS-0036
VAL-LHHS-00905,G035,A,"informational: the parser could not place every printed line under this total, so the sum was not checked; no check disagrees with the figure",children-incomplete,OBS-LHHS-0213
VAL-LHHS-00916,G035,A,"informational: the parser could not place every printed line under this total, so the sum was not checked; no check disagrees with the figure",children-incomplete,OBS-LHHS-0215
VAL-LHHS-00921,G035,A,"informational: the parser could not place every printed line under this total, so the sum was not checked; no check disagrees with the figure",children-incomplete,OBS-LHHS-0216
VAL-LHHS-00972,G035,A,"informational: the parser could not place every printed line under this total, so the sum was not checked; no check disagrees with the figure",children-incomplete,OBS-LHHS-0226
VAL-LHHS-00982,G035,A,"informational: the parser could not place every printed line under this total, so the sum was not checked; no check disagrees with the figure",children-incomplete,OBS-LHHS-0228
VAL-LHHS-00985,G035,A,"informational: the parser could not place every printed line under this total, so the sum was not checked; no check disagrees with the figure",children-incomplete,OBS-LHHS-0229
VAL-LHHS-01273,G035,A,"informational: the parser could not place every printed line under this total, so the sum was not checked; no check disagrees with the figure",children-incomplete,OBS-LHHS-0309
VAL-LHHS-01282,G035,A,"informational: the parser could not place every printed line under this total, so the sum was not checked; no check disagrees with the figure",children-incomplete,OBS-LHHS-0311
VAL-LHHS-01286,G035,A,"informational: the parser could not place every printed line under this total, so the sum was not checked; no check disagrees with the figure",children-incomplete,OBS-LHHS-0312
VAL-LHHS-01590,G035,A,"informational: the parser could not place every printed line under this total, so the sum was not checked; no check disagrees with the figure",children-incomplete,OBS-LHHS-0386
VAL-LHHS-01606,G035,A,"informational: the parser could not place every printed line under this total, so the sum was not checked; no check disagrees with the figure",children-incomplete,OBS-LHHS-0389
VAL-LHHS-01611,G035,A,"informational: the parser could not place every printed line under this total, so the sum was not checked; no check disagrees with the figure",children-incomplete,OBS-LHHS-0390
VAL-LHHS-02460,G035,A,"informational: the parser could not place every printed line under this total, so the sum was not checked; no check disagrees with the figure",children-incomplete,OBS-LHHS-0602
VAL-LHHS-02484,G035,A,"informational: the parser could not place every printed line under this total, so the sum was not checked; no check disagrees with the figure",children-incomplete,OBS-LHHS-0607
VAL-LHHS-02488,G035,A,"informational: the parser could not place every printed line under this total, so the sum was not checked; no check disagrees with the figure",children-incomplete,OBS-LHHS-0608
VAL-LHHS-06007,G035,A,"informational: the parser could not place every printed line under this total, so the sum was not checked; no check disagrees with the figure",children-incomplete,OBS-LHHS-1562
VAL-LHHS-06030,G035,A,"informational: the parser could not place every printed line under this total, so the sum was not checked; no check disagrees with the figure",children-incomplete,OBS-LHHS-1567
VAL-LHHS-06033,G035,A,"informational: the parser could not place every printed line under this total, so the sum was not checked; no check disagrees with the figure",children-incomplete,OBS-LHHS-1568
VAL-LHHS-00538,G036,A,"informational: the parser could not place every printed line under this total, so the sum was not checked; no check disagrees with the figure",children-incomplete,OBS-LHHS-0126
VAL-LHHS-00576,G036,A,"informational: the parser could not place every printed line under this total, so the sum was not checked; no check disagrees with the figure",children-incomplete,OBS-LHHS-0134
VAL-LHHS-00586,G036,A,"informational: the parser could not place every printed line under this total, so the sum was not checked; no check disagrees with the figure",children-incomplete,OBS-LHHS-0136
VAL-LHHS-00910,G036,A,"informational: the parser could not place every printed line under this total, so the sum was not checked; no check disagrees with the figure",children-incomplete,OBS-LHHS-0214
VAL-LHHS-00933,G036,A,"informational: the parser could not place every printed line under this total, so the sum was not checked; no check disagrees with the figure",children-incomplete,OBS-LHHS-0218
VAL-LHHS-00939,G036,A,"informational: the parser could not place every printed line under this total, so the sum was not checked; no check disagrees with the figure",children-incomplete,OBS-LHHS-0219
VAL-LHHS-00976,G036,A,"informational: the parser could not place every printed line under this total, so the sum was not checked; no check disagrees with the figure",children-incomplete,OBS-LHHS-0227
VAL-LHHS-00994,G036,A,"informational: the parser could not place every printed line under this total, so the sum was not checked; no check disagrees with the figure",children-incomplete,OBS-LHHS-0231
VAL-LHHS-00998,G036,A,"informational: the parser could not place every printed line under this total, so the sum was not checked; no check disagrees with the figure",children-incomplete,OBS-LHHS-0232
VAL-LHHS-01277,G036,A,"informational: the parser could not place every printed line under this total, so the sum was not checked; no check disagrees with the figure",children-incomplete,OBS-LHHS-0310
VAL-LHHS-01296,G036,A,"informational: the parser could not place every printed line under this total, so the sum was not checked; no check disagrees with the figure",children-incomplete,OBS-LHHS-0314
VAL-LHHS-01301,G036,A,"informational: the parser could not place every printed line under this total, so the sum was not checked; no check disagrees with the figure",children-incomplete,OBS-LHHS-0315
VAL-LHHS-01595,G036,A,"informational: the parser could not place every printed line under this total, so the sum was not checked; no check disagrees with the figure",children-incomplete,OBS-LHHS-0387
VAL-LHHS-01628,G036,A,"informational: the parser could not place every printed line under this total, so the sum was not checked; no check disagrees with the figure",children-incomplete,OBS-LHHS-0393
VAL-LHHS-01639,G036,A,"informational: the parser could not place every printed line under this total, so the sum was not checked; no check disagrees with the figure",children-incomplete,OBS-LHHS-0395
VAL-LHHS-06025,G036,A,"informational: the parser could not place every printed line under this total, so the sum was not checked; no check disagrees with the figure",children-incomplete,OBS-LHHS-1566
VAL-LHHS-06046,G036,A,"informational: the parser could not place every printed line under this total, so the sum was not checked; no check disagrees with the figure",children-incomplete,OBS-LHHS-1571
VAL-LHHS-06050,G036,A,"informational: the parser could not place every printed line under this total, so the sum was not checked; no check disagrees with the figure",children-incomplete,OBS-LHHS-1572
VAL-LHHS-06398,G036,A,"informational: the parser could not place every printed line under this total, so the sum was not checked; no check disagrees with the figure",children-incomplete,OBS-LHHS-1663
VAL-LHHS-00946,G037,A,"informational: the parser could not place every printed line under this total, so the sum was not checked; no check disagrees with the figure",children-incomplete,OBS-LHHS-0221
VAL-LHHS-00952,G037,A,"informational: the parser could not place every printed line under this total, so the sum was not checked; no check disagrees with the figure",children-incomplete,OBS-LHHS-0222
VAL-LHHS-01004,G037,A,"informational: the parser could not place every printed line under this total, so the sum was not checked; no check disagrees with the figure",children-incomplete,OBS-LHHS-0234
VAL-LHHS-01009,G037,A,"informational: the parser could not place every printed line under this total, so the sum was not checked; no check disagrees with the figure",children-incomplete,OBS-LHHS-0235
VAL-LHHS-01307,G037,A,"informational: the parser could not place every printed line under this total, so the sum was not checked; no check disagrees with the figure",children-incomplete,OBS-LHHS-0317
VAL-LHHS-01312,G037,A,"informational: the parser could not place every printed line under this total, so the sum was not checked; no check disagrees with the figure",children-incomplete,OBS-LHHS-0318
VAL-LHHS-01652,G037,A,"informational: the parser could not place every printed line under this total, so the sum was not checked; no check disagrees with the figure",children-incomplete,OBS-LHHS-0399
VAL-LHHS-01663,G037,A,"informational: the parser could not place every printed line under this total, so the sum was not checked; no check disagrees with the figure",children-incomplete,OBS-LHHS-0401
VAL-LHHS-01863,G037,A,"informational: the parser could not place every printed line under this total, so the sum was not checked; no check disagrees with the figure",children-incomplete,OBS-LHHS-0445
VAL-LHHS-01874,G037,A,"informational: the parser could not place every printed line under this total, so the sum was not checked; no check disagrees with the figure",children-incomplete,OBS-LHHS-0447
VAL-LHHS-06037,G037,A,"informational: the parser could not place every printed line under this total, so the sum was not checked; no check disagrees with the figure",children-incomplete,OBS-LHHS-1569
VAL-LHHS-06058,G037,A,"informational: the parser could not place every printed line under this total, so the sum was not checked; no check disagrees with the figure",children-incomplete,OBS-LHHS-1574
VAL-LHHS-06063,G037,A,"informational: the parser could not place every printed line under this total, so the sum was not checked; no check disagrees with the figure",children-incomplete,OBS-LHHS-1575
VAL-LHHS-00961,G038,A,"informational: the parser could not place every printed line under this total, so the sum was not checked; no check disagrees with the figure",children-incomplete,OBS-LHHS-0224
VAL-LHHS-00967,G038,A,"informational: the parser could not place every printed line under this total, so the sum was not checked; no check disagrees with the figure",children-incomplete,OBS-LHHS-0225
VAL-LHHS-01016,G038,A,"informational: the parser could not place every printed line under this total, so the sum was not checked; no check disagrees with the figure",children-incomplete,OBS-LHHS-0237
VAL-LHHS-01021,G038,A,"informational: the parser could not place every printed line under this total, so the sum was not checked; no check disagrees with the figure",children-incomplete,OBS-LHHS-0238
VAL-LHHS-01319,G038,A,"informational: the parser could not place every printed line under this total, so the sum was not checked; no check disagrees with the figure",children-incomplete,OBS-LHHS-0320
VAL-LHHS-01324,G038,A,"informational: the parser could not place every printed line under this total, so the sum was not checked; no check disagrees with the figure",children-incomplete,OBS-LHHS-0321
VAL-LHHS-01679,G038,A,"informational: the parser could not place every printed line under this total, so the sum was not checked; no check disagrees with the figure",children-incomplete,OBS-LHHS-0405
VAL-LHHS-01690,G038,A,"informational: the parser could not place every printed line under this total, so the sum was not checked; no check disagrees with the figure",children-incomplete,OBS-LHHS-0407
VAL-LHHS-01889,G038,A,"informational: the parser could not place every printed line under this total, so the sum was not checked; no check disagrees with the figure",children-incomplete,OBS-LHHS-0451
VAL-LHHS-01900,G038,A,"informational: the parser could not place every printed line under this total, so the sum was not checked; no check disagrees with the figure",children-incomplete,OBS-LHHS-0453
VAL-LHHS-06054,G038,A,"informational: the parser could not place every printed line under this total, so the sum was not checked; no check disagrees with the figure",children-incomplete,OBS-LHHS-1573
VAL-LHHS-06070,G038,A,"informational: the parser could not place every printed line under this total, so the sum was not checked; no check disagrees with the figure",children-incomplete,OBS-LHHS-1577
VAL-LHHS-06075,G038,A,"informational: the parser could not place every printed line under this total, so the sum was not checked; no check disagrees with the figure",children-incomplete,OBS-LHHS-1578
VAL-LHHS-01974,G039,A,"informational: the parser could not place every printed line under this total, so the sum was not checked; no check disagrees with the figure",children-incomplete,OBS-LHHS-0494
VAL-LHHS-01985,G039,A,"informational: the parser could not place every printed line under this total, so the sum was not checked; no check disagrees with the figure",children-incomplete,OBS-LHHS-0496
VAL-LHHS-02049,G039,A,"informational: the parser could not place every printed line under this total, so the sum was not checked; no check disagrees with the figure",children-incomplete,OBS-LHHS-0510
VAL-LHHS-02055,G039,A,"informational: the parser could not place every printed line under this total, so the sum was not checked; no check disagrees with the figure",children-incomplete,OBS-LHHS-0511
VAL-LHHS-02085,G039,A,"informational: the parser could not place every printed line under this total, so the sum was not checked; no check disagrees with the figure",children-incomplete,OBS-LHHS-0518
VAL-LHHS-02090,G039,A,"informational: the parser could not place every printed line under this total, so the sum was not checked; no check disagrees with the figure",children-incomplete,OBS-LHHS-0519
VAL-LHHS-02149,G039,A,"informational: the parser could not place every printed line under this total, so the sum was not checked; no check disagrees with the figure",children-incomplete,OBS-LHHS-0532
VAL-LHHS-02159,G039,A,"informational: the parser could not place every printed line under this total, so the sum was not checked; no check disagrees with the figure",children-incomplete,OBS-LHHS-0534
VAL-LHHS-03837,G039,A,"informational: the parser could not place every printed line under this total, so the sum was not checked; no check disagrees with the figure",children-incomplete,OBS-LHHS-0965
VAL-LHHS-03843,G039,A,"informational: the parser could not place every printed line under this total, so the sum was not checked; no check disagrees with the figure",children-incomplete,OBS-LHHS-0966
VAL-LHHS-06011,G039,A,"informational: the parser could not place every printed line under this total, so the sum was not checked; no check disagrees with the figure",children-incomplete,OBS-LHHS-1563
VAL-LHHS-06016,G039,A,"informational: the parser could not place every printed line under this total, so the sum was not checked; no check disagrees with the figure",children-incomplete,OBS-LHHS-1564
VAL-LHHS-02194,G040,A,"informational: the parser could not place every printed line under this total, so the sum was not checked; no check disagrees with the figure",children-incomplete,OBS-LHHS-0546
VAL-LHHS-02215,G040,A,"informational: the parser could not place every printed line under this total, so the sum was not checked; no check disagrees with the figure",children-incomplete,OBS-LHHS-0550
VAL-LHHS-02234,G040,A,"informational: the parser could not place every printed line under this total, so the sum was not checked; no check disagrees with the figure",children-incomplete,OBS-LHHS-0554
VAL-LHHS-02242,G040,A,"informational: the parser could not place every printed line under this total, so the sum was not checked; no check disagrees with the figure",children-incomplete,OBS-LHHS-0556
VAL-LHHS-02252,G040,A,"informational: the parser could not place every printed line under this total, so the sum was not checked; no check disagrees with the figure",children-incomplete,OBS-LHHS-0558
VAL-LHHS-02261,G040,A,"informational: the parser could not place every printed line under this total, so the sum was not checked; no check disagrees with the figure",children-incomplete,OBS-LHHS-0560
VAL-LHHS-02286,G040,A,"informational: the parser could not place every printed line under this total, so the sum was not checked; no check disagrees with the figure",children-incomplete,OBS-LHHS-0565
VAL-LHHS-03849,G040,A,"informational: the parser could not place every printed line under this total, so the sum was not checked; no check disagrees with the figure",children-incomplete,OBS-LHHS-0967
VAL-LHHS-06021,G040,A,"informational: the parser could not place every printed line under this total, so the sum was not checked; no check disagrees with the figure",children-incomplete,OBS-LHHS-1565
VAL-LHHS-00927,G041,A,"informational: the parser could not place every printed line under this total, so the sum was not checked; no check disagrees with the figure",children-incomplete,OBS-LHHS-0217
VAL-LHHS-00989,G041,A,"informational: the parser could not place every printed line under this total, so the sum was not checked; no check disagrees with the figure",children-incomplete,OBS-LHHS-0230
VAL-LHHS-01291,G041,A,"informational: the parser could not place every printed line under this total, so the sum was not checked; no check disagrees with the figure",children-incomplete,OBS-LHHS-0313
VAL-LHHS-01831,G041,A,"informational: the parser could not place every printed line under this total, so the sum was not checked; no check disagrees with the figure",children-incomplete,OBS-LHHS-0437
VAL-LHHS-06041,G041,A,"informational: the parser could not place every printed line under this total, so the sum was not checked; no check disagrees with the figure",children-incomplete,OBS-LHHS-1570
VAL-LHHS-06122,G041,A,"informational: the parser could not place every printed line under this total, so the sum was not checked; no check disagrees with the figure",children-incomplete,OBS-LHHS-1587
VAL-LHHS-06899,G042,A,"informational: the parser could not place every printed line under this total, so the sum was not checked; no check disagrees with the figure",children-incomplete,OBS-LHHS-1774
VAL-LHHS-06905,G042,A,"informational: the parser could not place every printed line under this total, so the sum was not checked; no check disagrees with the figure",children-incomplete,OBS-LHHS-1775
VAL-LHHS-06968,G042,A,"informational: the parser could not place every printed line under this total, so the sum was not checked; no check disagrees with the figure",children-incomplete,OBS-LHHS-1788
VAL-LHHS-07097,G042,A,"informational: the parser could not place every printed line under this total, so the sum was not checked; no check disagrees with the figure",children-incomplete,OBS-LHHS-1819
VAL-LHHS-07120,G042,A,"informational: the parser could not place every printed line under this total, so the sum was not checked; no check disagrees with the figure",children-incomplete,OBS-LHHS-1824
VAL-LHHS-07125,G042,A,"informational: the parser could not place every printed line under this total, so the sum was not checked; no check disagrees with the figure",children-incomplete,OBS-LHHS-1825
VAL-LHHS-00085,G043,A,"informational: the parser could not place every printed line under this total, so the sum was not checked; no check disagrees with the figure",children-incomplete,OBS-LHHS-0024
VAL-LHHS-01013,G043,A,"informational: the parser could not place every printed line under this total, so the sum was not checked; no check disagrees with the figure",children-incomplete,OBS-LHHS-0236
VAL-LHHS-01316,G043,A,"informational: the parser could not place every printed line under this total, so the sum was not checked; no check disagrees with the figure",children-incomplete,OBS-LHHS-0319
VAL-LHHS-01672,G043,A,"informational: the parser could not place every printed line under this total, so the sum was not checked; no check disagrees with the figure",children-incomplete,OBS-LHHS-0403
VAL-LHHS-06067,G043,A,"informational: the parser could not place every printed line under this total, so the sum was not checked; no check disagrees with the figure",children-incomplete,OBS-LHHS-1576
VAL-LHHS-00113,G044,A,"informational: a parallel total of the family's main total; no one printed set of rows explains the difference in every column, so it cannot confirm the figure",parallel-total,OBS-LHHS-0031
VAL-LHHS-00170,G044,A,"informational: a parallel total of the family's main total; no one printed set of rows explains the difference in every column, so it cannot confirm the figure",parallel-total,OBS-LHHS-0043
VAL-LHHS-00185,G044,A,"informational: a parallel total of the family's main total; no one printed set of rows explains the difference in every column, so it cannot confirm the figure",parallel-total,OBS-LHHS-0046
VAL-LHHS-01856,G044,A,"informational: a parallel total of the family's main total; no one printed set of rows explains the difference in every column, so it cannot confirm the figure",parallel-total,OBS-LHHS-0442
VAL-LHHS-00100,G045,A,"informational: a parallel total of the family's main total; no one printed set of rows explains the difference in every column, so it cannot confirm the figure",parallel-total,OBS-LHHS-0028
VAL-LHHS-00127,G045,A,"informational: a parallel total of the family's main total; no one printed set of rows explains the difference in every column, so it cannot confirm the figure",parallel-total,OBS-LHHS-0034
VAL-LHHS-00140,G045,A,"informational: a parallel total of the family's main total; no one printed set of rows explains the difference in every column, so it cannot confirm the figure",parallel-total,OBS-LHHS-0037
VAL-LHHS-01817,G046,A,"informational: a parallel total of the family's main total; no one printed set of rows explains the difference in every column, so it cannot confirm the figure",parallel-total,OBS-LHHS-0434
VAL-LHHS-01846,G046,A,"informational: a parallel total of the family's main total; no one printed set of rows explains the difference in every column, so it cannot confirm the figure",parallel-total,OBS-LHHS-0440
VAL-LHHS-01869,G047,A,"informational: a parallel total of the family's main total; no one printed set of rows explains the difference in every column, so it cannot confirm the figure",parallel-total,OBS-LHHS-0446
VAL-LHHS-01879,G047,A,"informational: a parallel total of the family's main total; no one printed set of rows explains the difference in every column, so it cannot confirm the figure",parallel-total,OBS-LHHS-0448
VAL-LHHS-01895,G048,A,"informational: a parallel total of the family's main total; no one printed set of rows explains the difference in every column, so it cannot confirm the figure",parallel-total,OBS-LHHS-0452
VAL-LHHS-01905,G048,A,"informational: a parallel total of the family's main total; no one printed set of rows explains the difference in every column, so it cannot confirm the figure",parallel-total,OBS-LHHS-0454
VAL-LHHS-01836,G049,A,"informational: a parallel total of the family's main total; no one printed set of rows explains the difference in every column, so it cannot confirm the figure",parallel-total,OBS-LHHS-0438
VAL-LHHS-01886,G050,A,"informational: a parallel total of the family's main total; no one printed set of rows explains the difference in every column, so it cannot confirm the figure",parallel-total,OBS-LHHS-0450
VAL-LHHS-07087,G051,A,"informational: a parallel total of the family's main total; no one printed set of rows explains the difference in every column, so it cannot confirm the figure",parallel-total,OBS-LHHS-1817
VAL-LHHS-00659,G052,A,routine: the amount_type matches the printed label ('Less appropriations provided in prior years'),routine-amount-type,OBS-LHHS-0153
VAL-LHHS-00664,G052,A,"routine: the amount_type matches the printed label ('New advance, 1st quarter, FY 2026')",routine-amount-type,OBS-LHHS-0154
VAL-LHHS-00708,G052,A,routine: the amount_type matches the printed label ('Less appropriations provided in prior years'),routine-amount-type,OBS-LHHS-0163
VAL-LHHS-00712,G052,A,"routine: the amount_type matches the printed label ('New advance, 1st quarter, FY 2026')",routine-amount-type,OBS-LHHS-0164
VAL-LHHS-00730,G052,A,routine: the amount_type matches the printed label ('Less appropriations provided in prior years'),routine-amount-type,OBS-LHHS-0168
VAL-LHHS-00734,G052,A,"routine: the amount_type matches the printed label ('New advance, 1st quarter, FY 2026')",routine-amount-type,OBS-LHHS-0169
VAL-LHHS-02366,G053,A,"routine: the amount_type matches the printed label ('New advance, 1st quarter, FY 2025')",routine-amount-type,OBS-LHHS-0574
VAL-LHHS-02370,G053,A,routine: the amount_type matches the printed label ('Less appropriations provided in prior years'),routine-amount-type,OBS-LHHS-0575
VAL-LHHS-02373,G053,A,"routine: the amount_type matches the printed label ('New advance, 1st quarter, FY 2025')",routine-amount-type,OBS-LHHS-0576
VAL-LHHS-02377,G053,A,routine: the amount_type matches the printed label ('Less appropriations provided in prior years'),routine-amount-type,OBS-LHHS-0577
VAL-LHHS-02382,G053,A,"routine: the amount_type matches the printed label ('New advance, 1st quarter, FY 2025')",routine-amount-type,OBS-LHHS-0578
VAL-LHHS-02387,G053,A,routine: the amount_type matches the printed label ('Less appropriations provided in prior years'),routine-amount-type,OBS-LHHS-0579
VAL-LHHS-00761,G054,A,routine: the amount_type matches the printed label ('Less appropriations provided in prior years.'),routine-amount-type,OBS-LHHS-0178
VAL-LHHS-00766,G054,A,"routine: the amount_type matches the printed label ('New advance, 1st quarter, FY 2027')",routine-amount-type,OBS-LHHS-0179
VAL-LHHS-00783,G054,A,routine: the amount_type matches the printed label ('Less appropriations provided in prior years.'),routine-amount-type,OBS-LHHS-0183
VAL-LHHS-00787,G054,A,"routine: the amount_type matches the printed label ('New advance, 1st quarter, FY 2027')",routine-amount-type,OBS-LHHS-0184
VAL-LHHS-01106,G054,A,"routine: the amount_type matches the printed label ('Nonrecurring expenses fund, HHS (rescission) (Sec. 234)')",routine-amount-type,OBS-LHHS-0265
VAL-LHHS-01110,G054,A,"routine: the amount_type matches the printed label ('Nonrecurring expenses fund, HHS (rescission) (Sec. 234)')",routine-amount-type,OBS-LHHS-0266
VAL-LHHS-00824,G055,A,routine: the amount_type matches the printed label ('Less appropriations provided in prior years.'),routine-amount-type,OBS-LHHS-0193
VAL-LHHS-00829,G055,A,"routine: the amount_type matches the printed label ('New advance, 1st quarter, FY 2028')",routine-amount-type,OBS-LHHS-0194
VAL-LHHS-00847,G055,A,routine: the amount_type matches the printed label ('Less appropriations provided in prior years.'),routine-amount-type,OBS-LHHS-0198
VAL-LHHS-00851,G055,A,"routine: the amount_type matches the printed label ('New advance, 1st quarter, FY 2028')",routine-amount-type,OBS-LHHS-0199
VAL-LHHS-01116,G055,A,"routine: the amount_type matches the printed label ('Nonrecurring expenses fund, HHS (rescission) (Sec. 237)')",routine-amount-type,OBS-LHHS-0268
VAL-LHHS-01120,G055,A,"routine: the amount_type matches the printed label ('Nonrecurring expenses fund, HHS (rescission) (Sec. 237)')",routine-amount-type,OBS-LHHS-0269
VAL-LHHS-00687,G056,A,routine: the amount_type matches the printed label ('Less appropriations provided in prior years.'),routine-amount-type,OBS-LHHS-0158
VAL-LHHS-00692,G056,A,"routine: the amount_type matches the printed label ('New advance, 1st quarter, FY 2026')",routine-amount-type,OBS-LHHS-0159
VAL-LHHS-01032,G056,A,routine: the amount_type matches the printed label ('Adoption Incentives (rescission)'),routine-amount-type,OBS-LHHS-0240
VAL-LHHS-01087,G056,A,"routine: the amount_type matches the printed label ('Nonrecurring expenses fund, HHS (rescission) (Sec. 235)')",routine-amount-type,OBS-LHHS-0258
VAL-LHHS-01092,G056,A,"routine: the amount_type matches the printed label ('Nonrecurring expenses fund, HHS (rescission) (emergency)')",routine-amount-type,OBS-LHHS-0259
VAL-LHHS-02331,G057,A,"routine: the amount_type matches the printed label ('New advance, 1st quarter, FY 2024')",routine-amount-type,OBS-LHHS-0568
VAL-LHHS-02337,G057,A,routine: the amount_type matches the printed label ('Less appropriations provided in prior years.'),routine-amount-type,OBS-LHHS-0569
VAL-LHHS-02345,G057,A,"routine: the amount_type matches the printed label ('New advance, 1st quarter, FY 2024')",routine-amount-type,OBS-LHHS-0570
VAL-LHHS-02351,G057,A,routine: the amount_type matches the printed label ('Less appropriations provided in prior years.'),routine-amount-type,OBS-LHHS-0571
VAL-LHHS-00799,G058,A,routine: the amount_type matches the printed label ('Less appropriations provided in prior years'),routine-amount-type,OBS-LHHS-0188
VAL-LHHS-00802,G058,A,"routine: the amount_type matches the printed label ('New advance, 1st quarter, FY 2027')",routine-amount-type,OBS-LHHS-0189
VAL-LHHS-02356,G059,A,"routine: the amount_type matches the printed label ('New advance, 1st quarter, fiscal year 2024')",routine-amount-type,OBS-LHHS-0572
VAL-LHHS-02361,G059,A,routine: the amount_type matches the printed label ('Less appropriations provided in prior years'),routine-amount-type,OBS-LHHS-0573
VAL-LHHS-06876,G060,A,"routine: the amount_type matches the printed label ('New advance, 1st quarter, FY 2025')",routine-amount-type,OBS-LHHS-1769
VAL-LHHS-06883,G060,A,routine: the amount_type matches the printed label ('Less appropriations provided in prior years.'),routine-amount-type,OBS-LHHS-1770
VAL-LHHS-04491,G061,A,"false positive: 'Advance' is part of the account's name (ARPA-H); the line is budget authority, as recorded",amount-type-name-word,OBS-LHHS-1116
VAL-LHHS-04497,G062,A,"false positive: 'Advance' is part of the account's name (ARPA-H); the line is budget authority, as recorded",amount-type-name-word,OBS-LHHS-1117
VAL-LHHS-02887,G063,A,"routine: budget authority on the 'Subtotal, Operations and Emergency Response' row that defines this account",subtotal-label-ba,OBS-LHHS-0704
VAL-LHHS-02898,G063,A,"routine: budget authority on the 'Subtotal, Operations and Emergency Response' row that defines this account",subtotal-label-ba,OBS-LHHS-0706
VAL-LHHS-02904,G063,A,"routine: budget authority on the 'Subtotal, Operations and Emergency Response' row that defines this account",subtotal-label-ba,OBS-LHHS-0707
VAL-LHHS-02892,G064,A,"routine: budget authority on the 'Subtotal, Operations and Emergency Response' row that defines this account",subtotal-label-ba,OBS-LHHS-0705
VAL-LHHS-02920,G064,A,"routine: budget authority on the 'Subtotal, Operations and Emergency Response' row that defines this account",subtotal-label-ba,OBS-LHHS-0710
VAL-LHHS-02927,G064,A,"routine: budget authority on the 'Subtotal, Operations and Emergency Response' row that defines this account",subtotal-label-ba,OBS-LHHS-0711
VAL-LHHS-02909,G065,A,"routine: budget authority on the 'Subtotal, Operations and Emergency Response' row that defines this account",subtotal-label-ba,OBS-LHHS-0708
VAL-LHHS-02938,G065,A,"routine: budget authority on the 'Subtotal, Operations and Emergency Response' row that defines this account",subtotal-label-ba,OBS-LHHS-0713
VAL-LHHS-02943,G065,A,"routine: budget authority on the 'Subtotal, Operations and Emergency Response' row that defines this account",subtotal-label-ba,OBS-LHHS-0714
VAL-LHHS-02932,G066,A,"routine: budget authority on the 'Subtotal, Operations and Emergency Response' row that defines this account",subtotal-label-ba,OBS-LHHS-0712
VAL-LHHS-02953,G066,A,"routine: budget authority on the 'Subtotal, Operations and Emergency Response' row that defines this account",subtotal-label-ba,OBS-LHHS-0716
VAL-LHHS-02958,G066,A,"routine: budget authority on the 'Subtotal, Operations and Emergency Response' row that defines this account",subtotal-label-ba,OBS-LHHS-0717
VAL-LHHS-02915,G067,A,"routine: budget authority on the 'Subtotal, Operations and Emergency Response' row that defines this account",subtotal-label-ba,OBS-LHHS-0709
VAL-LHHS-02947,G068,A,"routine: budget authority on the 'Subtotal, Operations and Emergency Response' row that defines this account",subtotal-label-ba,OBS-LHHS-0715
VAL-LHHS-06784,G069,A,"routine: budget authority on the 'Subtotal, Operations and Emergency Response' row that defines this account",subtotal-label-ba,OBS-LHHS-1748
VAL-LHHS-01923,G070,B,"decide the FY2025 Enacted treatment: P.L. 119-4 sec. 1109(a) set no dollar level; the figure is the report's estimate (keep as is with this note, or mark the year's Enacted figures as estimates)",cr-estimate,OBS-LHHS-0457
VAL-LHHS-01931,G070,B,"decide the FY2025 Enacted treatment: P.L. 119-4 sec. 1109(a) set no dollar level; the figure is the report's estimate (keep as is with this note, or mark the year's Enacted figures as estimates)",cr-estimate,OBS-LHHS-0465
VAL-LHHS-01932,G070,B,"decide the FY2025 Enacted treatment: P.L. 119-4 sec. 1109(a) set no dollar level; the figure is the report's estimate (keep as is with this note, or mark the year's Enacted figures as estimates)",cr-estimate,OBS-LHHS-0466
VAL-LHHS-01933,G070,B,"decide the FY2025 Enacted treatment: P.L. 119-4 sec. 1109(a) set no dollar level; the figure is the report's estimate (keep as is with this note, or mark the year's Enacted figures as estimates)",cr-estimate,OBS-LHHS-0467
VAL-LHHS-01934,G070,B,"decide the FY2025 Enacted treatment: P.L. 119-4 sec. 1109(a) set no dollar level; the figure is the report's estimate (keep as is with this note, or mark the year's Enacted figures as estimates)",cr-estimate,OBS-LHHS-0468
VAL-LHHS-01937,G070,B,"decide the FY2025 Enacted treatment: P.L. 119-4 sec. 1109(a) set no dollar level; the figure is the report's estimate (keep as is with this note, or mark the year's Enacted figures as estimates)",cr-estimate,OBS-LHHS-0471
VAL-LHHS-01938,G070,B,"decide the FY2025 Enacted treatment: P.L. 119-4 sec. 1109(a) set no dollar level; the figure is the report's estimate (keep as is with this note, or mark the year's Enacted figures as estimates)",cr-estimate,OBS-LHHS-0472
VAL-LHHS-01943,G070,B,"decide the FY2025 Enacted treatment: P.L. 119-4 sec. 1109(a) set no dollar level; the figure is the report's estimate (keep as is with this note, or mark the year's Enacted figures as estimates)",cr-estimate,OBS-LHHS-0477
VAL-LHHS-01944,G070,B,"decide the FY2025 Enacted treatment: P.L. 119-4 sec. 1109(a) set no dollar level; the figure is the report's estimate (keep as is with this note, or mark the year's Enacted figures as estimates)",cr-estimate,OBS-LHHS-0478
VAL-LHHS-01950,G070,B,"decide the FY2025 Enacted treatment: P.L. 119-4 sec. 1109(a) set no dollar level; the figure is the report's estimate (keep as is with this note, or mark the year's Enacted figures as estimates)",cr-estimate,OBS-LHHS-0484
VAL-LHHS-01951,G070,B,"decide the FY2025 Enacted treatment: P.L. 119-4 sec. 1109(a) set no dollar level; the figure is the report's estimate (keep as is with this note, or mark the year's Enacted figures as estimates)",cr-estimate,OBS-LHHS-0485
VAL-LHHS-01954,G070,B,"decide the FY2025 Enacted treatment: P.L. 119-4 sec. 1109(a) set no dollar level; the figure is the report's estimate (keep as is with this note, or mark the year's Enacted figures as estimates)",cr-estimate,OBS-LHHS-0488
VAL-0089,G071,B,decide how to represent the FY27 CHIMP / CHIMP Pop-Up (a dedicated amount_type or a multi-year note); the figure itself is human-verified,chimp-mechanism,OBS-0966
VAL-LHHS-02395,G072,A,"explained: the 27,503 is ACL's '(Evaluation Tap Funding)' in the FY2023 request column (Senate draft p.416); both documents print the same column, figure as printed",title-ii-request-27503,OBS-LHHS-0537
VAL-LHHS-02177,G073,A,"explained: the 27,503 is ACL's '(Evaluation Tap Funding)' in the FY2023 request column (Senate draft p.416); both documents print the same column, figure as printed",title-ii-request-27503,OBS-LHHS-0537
VAL-LHHS-01816,G074,B,confirm H.Rept. 118-585 p.339's AI-extracted Title II total against the PDF and the scope note in title_ii_totals.csv (the two reports scope the general provisions differently),title-ii-scope,OBS-LHHS-0433
VAL-LHHS-01821,G074,B,confirm H.Rept. 118-585 p.339's AI-extracted Title II total against the PDF and the scope note in title_ii_totals.csv (the two reports scope the general provisions differently),title-ii-scope,OBS-LHHS-0434
VAL-LHHS-01845,G074,B,confirm H.Rept. 118-585 p.339's AI-extracted Title II total against the PDF and the scope note in title_ii_totals.csv (the two reports scope the general provisions differently),title-ii-scope,OBS-LHHS-0439
VAL-LHHS-01850,G074,B,confirm H.Rept. 118-585 p.339's AI-extracted Title II total against the PDF and the scope note in title_ii_totals.csv (the two reports scope the general provisions differently),title-ii-scope,OBS-LHHS-0440
VAL-LHHS-07178,G075,B,"decide which figure stands: H.R. 5894 prints $370,772,000; the explanatory table and its change column print 370,722 thousand (kept)",bill-text-disagrees,OBS-LHHS-1757
VAL-LHHS-01994,G076,A,parse artifact: the lines grouped under this total do not match the printed table's structure; the figure is confirmed by VAL-LHHS-01996 (the printed change column [Bill vs. Enacted]); VAL-LHHS-01997 (the printed change column [Bill vs. Request]),sum-fail-confirmed,OBS-LHHS-0498
VAL-LHHS-02005,G076,A,parse artifact: the lines grouped under this total do not match the printed table's structure; the figure is confirmed by VAL-LHHS-02007 (the printed change column [Bill vs. Request]); VAL-LHHS-02305 (another document prints it),sum-fail-confirmed,OBS-LHHS-0500
VAL-LHHS-02167,G076,A,parse artifact: the lines grouped under this total do not match the printed table's structure; the figure is confirmed by VAL-LHHS-02168 (the printed change column [Bill vs. Enacted]); VAL-LHHS-02169 (the printed change column [Bill vs. Request]),sum-fail-confirmed,OBS-LHHS-0536
VAL-LHHS-02172,G076,A,parse artifact: the lines grouped under this total do not match the printed table's structure; the figure is confirmed by VAL-LHHS-02173 (the printed change column [Bill vs. Request]); VAL-LHHS-02324 (another document prints it),sum-fail-confirmed,OBS-LHHS-0537
VAL-LHHS-02464,G076,A,parse artifact: the lines grouped under this total do not match the printed table's structure; the figure is confirmed by VAL-LHHS-02465 (the printed change column [Bill vs. Enacted]); VAL-LHHS-02466 (the printed change column [Bill vs. Request]),sum-fail-confirmed,OBS-LHHS-0603
VAL-LHHS-02469,G076,A,parse artifact: the lines grouped under this total do not match the printed table's structure; the figure is confirmed by VAL-LHHS-02470 (the printed change column [Bill vs. Request]); VAL-LHHS-02473 (another document prints it),sum-fail-confirmed,OBS-LHHS-0604
VAL-LHHS-04030,G076,A,parse artifact: the lines grouped under this total do not match the printed table's structure; the figure is confirmed by VAL-LHHS-04031 (the printed change column [Bill vs. Enacted]); VAL-LHHS-04032 (the printed change column [Bill vs. Request]),sum-fail-confirmed,OBS-LHHS-1013
VAL-LHHS-04035,G076,A,parse artifact: the lines grouped under this total do not match the printed table's structure; the figure is confirmed by VAL-LHHS-04036 (the printed change column [Bill vs. Request]); VAL-LHHS-04039 (another document prints it),sum-fail-confirmed,OBS-LHHS-1014
VAL-LHHS-04259,G076,A,parse artifact: the lines grouped under this total do not match the printed table's structure; the figure is confirmed by VAL-LHHS-04260 (the printed change column [Bill vs. Enacted]); VAL-LHHS-04261 (the printed change column [Bill vs. Request]),sum-fail-confirmed,OBS-LHHS-1064
VAL-LHHS-04264,G076,A,parse artifact: the lines grouped under this total do not match the printed table's structure; the figure is confirmed by VAL-LHHS-04265 (the printed change column [Bill vs. Request]); VAL-LHHS-04268 (another document prints it),sum-fail-confirmed,OBS-LHHS-1065
VAL-LHHS-04336,G076,A,parse artifact: the lines grouped under this total do not match the printed table's structure; the figure is confirmed by VAL-LHHS-04337 (the printed change column [Bill vs. Enacted]); VAL-LHHS-04338 (the printed change column [Bill vs. Request]),sum-fail-confirmed,OBS-LHHS-1081
VAL-LHHS-04341,G076,A,parse artifact: the lines grouped under this total do not match the printed table's structure; the figure is confirmed by VAL-LHHS-04342 (the printed change column [Bill vs. Request]); VAL-LHHS-04345 (another document prints it),sum-fail-confirmed,OBS-LHHS-1082
VAL-LHHS-06365,G076,A,parse artifact: the lines grouped under this total do not match the printed table's structure; the figure is confirmed by VAL-LHHS-06366 (the printed change column [Bill vs. Enacted]); VAL-LHHS-06367 (the printed change column [Bill vs. Request]),sum-fail-confirmed,OBS-LHHS-1656
VAL-LHHS-06370,G076,A,parse artifact: the lines grouped under this total do not match the printed table's structure; the figure is confirmed by VAL-LHHS-06371 (the printed change column [Bill vs. Request]); VAL-LHHS-06374 (another document prints it),sum-fail-confirmed,OBS-LHHS-1657
VAL-LHHS-02883,G077,A,parse artifact: the lines grouped under this total do not match the printed table's structure; the figure is confirmed by VAL-LHHS-02884 (the printed change column [Senate Committee recommendation compared with (+ or -) 2023 appropriation]),sum-fail-confirmed,OBS-LHHS-0704
VAL-LHHS-02894,G077,A,parse artifact: the lines grouped under this total do not match the printed table's structure; the figure is confirmed by VAL-LHHS-02895 (the printed change column [Senate Committee recommendation compared with (+ or -) Budget estimate]),sum-fail-confirmed,OBS-LHHS-0706
VAL-LHHS-02899,G077,A,parse artifact: the lines grouped under this total do not match the printed table's structure; the figure is confirmed by VAL-LHHS-02900 (the printed change column [Senate Committee recommendation compared with (+ or -) 2023 appropriation]); VAL-LHHS-02901 (the printed change column [Senate Committee recommendation compared with (+ or -) Budget estimate]),sum-fail-confirmed,OBS-LHHS-0707
VAL-LHHS-02959,G077,A,parse artifact: the lines grouped under this total do not match the printed table's structure; the figure is confirmed by VAL-LHHS-02960 (the printed change column [Senate Committee recommendation compared with (+ or -) 2023 appropriation]),sum-fail-confirmed,OBS-LHHS-0718
VAL-LHHS-02968,G077,A,parse artifact: the lines grouped under this total do not match the printed table's structure; the figure is confirmed by VAL-LHHS-02969 (the printed change column [Senate Committee recommendation compared with (+ or -) Budget estimate]),sum-fail-confirmed,OBS-LHHS-0720
VAL-LHHS-02972,G077,A,parse artifact: the lines grouped under this total do not match the printed table's structure; the figure is confirmed by VAL-LHHS-02973 (the printed change column [Senate Committee recommendation compared with (+ or -) 2023 appropriation]); VAL-LHHS-02974 (the printed change column [Senate Committee recommendation compared with (+ or -) Budget estimate]),sum-fail-confirmed,OBS-LHHS-0721
VAL-LHHS-04101,G077,A,parse artifact: the lines grouped under this total do not match the printed table's structure; the figure is confirmed by VAL-LHHS-04102 (the printed change column [Senate Committee recommendation compared with (+ or -) 2023 appropriation]),sum-fail-confirmed,OBS-LHHS-1029
VAL-LHHS-04125,G077,A,parse artifact: the lines grouped under this total do not match the printed table's structure; the figure is confirmed by VAL-LHHS-04126 (the printed change column [Senate Committee recommendation compared with (+ or -) Budget estimate]),sum-fail-confirmed,OBS-LHHS-1034
VAL-LHHS-04129,G077,A,parse artifact: the lines grouped under this total do not match the printed table's structure; the figure is confirmed by VAL-LHHS-04130 (the printed change column [Senate Committee recommendation compared with (+ or -) 2023 appropriation]); VAL-LHHS-04131 (the printed change column [Senate Committee recommendation compared with (+ or -) Budget estimate]),sum-fail-confirmed,OBS-LHHS-1035
VAL-LHHS-05954,G077,A,parse artifact: the lines grouped under this total do not match the printed table's structure; the figure is confirmed by VAL-LHHS-05956 (the printed change column [Senate Committee recommendation compared with (+ or -) 2023 appropriation]); VAL-LHHS-05957 (the printed change column [Senate Committee recommendation compared with (+ or -) Budget estimate]),sum-fail-confirmed,OBS-LHHS-1550
VAL-LHHS-06403,G077,A,parse artifact: the lines grouped under this total do not match the printed table's structure; the figure is confirmed by VAL-LHHS-06405 (the printed change column [Senate Committee recommendation compared with (+ or -) 2023 appropriation]),sum-fail-confirmed,OBS-LHHS-1664
VAL-LHHS-06432,G077,A,parse artifact: the lines grouped under this total do not match the printed table's structure; the figure is confirmed by VAL-LHHS-06434 (the printed change column [Senate Committee recommendation compared with (+ or -) Budget estimate]),sum-fail-confirmed,OBS-LHHS-1669
VAL-LHHS-06437,G077,A,parse artifact: the lines grouped under this total do not match the printed table's structure; the figure is confirmed by VAL-LHHS-06439 (the printed change column [Senate Committee recommendation compared with (+ or -) 2023 appropriation]); VAL-LHHS-06440 (the printed change column [Senate Committee recommendation compared with (+ or -) Budget estimate]),sum-fail-confirmed,OBS-LHHS-1670
VAL-LHHS-00475,G078,A,parse artifact: the lines grouped under this total do not match the printed table's structure; the figure is confirmed by VAL-LHHS-00476 (the printed change column [Senate Committee recommendation compared with (+ or -) 2023 appropriation]),sum-fail-confirmed,OBS-LHHS-0111
VAL-LHHS-00484,G078,A,parse artifact: the lines grouped under this total do not match the printed table's structure; the figure is confirmed by VAL-LHHS-00485 (the printed change column [Senate Committee recommendation compared with (+ or -) Budget estimate]),sum-fail-confirmed,OBS-LHHS-0113
VAL-LHHS-00488,G078,A,parse artifact: the lines grouped under this total do not match the printed table's structure; the figure is confirmed by VAL-LHHS-00489 (the printed change column [Senate Committee recommendation compared with (+ or -) 2023 appropriation]); VAL-LHHS-00490 (the printed change column [Senate Committee recommendation compared with (+ or -) Budget estimate]),sum-fail-confirmed,OBS-LHHS-0114
VAL-LHHS-00530,G078,A,parse artifact: the lines grouped under this total do not match the printed table's structure; the figure is confirmed by VAL-LHHS-00532 (the printed change column [Senate Committee recommendation compared with (+ or -) 2023 appropriation]),sum-fail-confirmed,OBS-LHHS-0124
VAL-LHHS-00548,G078,A,parse artifact: the lines grouped under this total do not match the printed table's structure; the figure is confirmed by VAL-LHHS-00550 (the printed change column [Senate Committee recommendation compared with (+ or -) Budget estimate]),sum-fail-confirmed,OBS-LHHS-0128
VAL-LHHS-00556,G078,A,parse artifact: the lines grouped under this total do not match the printed table's structure; the figure is confirmed by VAL-LHHS-00558 (the printed change column [Senate Committee recommendation compared with (+ or -) 2023 appropriation]); VAL-LHHS-00559 (the printed change column [Senate Committee recommendation compared with (+ or -) Budget estimate]),sum-fail-confirmed,OBS-LHHS-0130
VAL-LHHS-01373,G078,A,parse artifact: the lines grouped under this total do not match the printed table's structure; the figure is confirmed by VAL-LHHS-01375 (the printed change column [Senate Committee recommendation compared with (+ or -) 2023 appropriation]),sum-fail-confirmed,OBS-LHHS-0335
VAL-LHHS-01426,G078,A,parse artifact: the lines grouped under this total do not match the printed table's structure; the figure is confirmed by VAL-LHHS-01428 (the printed change column [Senate Committee recommendation compared with (+ or -) 2023 appropriation]); VAL-LHHS-01429 (the printed change column [Senate Committee recommendation compared with (+ or -) Budget estimate]),sum-fail-confirmed,OBS-LHHS-0347
VAL-LHHS-01808,G078,A,parse artifact: the lines grouped under this total do not match the printed table's structure; the figure is confirmed by VAL-LHHS-01809 (the printed change column [Senate Committee recommendation compared with (+ or -) 2023 appropriation]); VAL-LHHS-01909 (the agency totals sum to it),sum-fail-confirmed,OBS-LHHS-0432
VAL-LHHS-01822,G078,A,parse artifact: the lines grouped under this total do not match the printed table's structure; the figure is confirmed by VAL-LHHS-01823 (the printed change column [Senate Committee recommendation compared with (+ or -) Budget estimate]); VAL-LHHS-01911 (the agency totals sum to it),sum-fail-confirmed,OBS-LHHS-0435
VAL-LHHS-01826,G078,A,parse artifact: the lines grouped under this total do not match the printed table's structure; the figure is confirmed by VAL-LHHS-01827 (the printed change column [Senate Committee recommendation compared with (+ or -) 2023 appropriation]); VAL-LHHS-01828 (the printed change column [Senate Committee recommendation compared with (+ or -) Budget estimate]),sum-fail-confirmed,OBS-LHHS-0436
VAL-LHHS-02205,G079,A,parse artifact: the lines grouped under this total do not match the printed table's structure; the figure is confirmed by VAL-LHHS-02206 (the printed change column [Senate Committee recommendation compared with (+ or -) 2022 appropriation]); VAL-LHHS-02207 (the printed change column [Senate Committee recommendation compared with (+ or -) Budget estimate]),sum-fail-confirmed,OBS-LHHS-0548
VAL-LHHS-02210,G079,A,parse artifact: the lines grouped under this total do not match the printed table's structure; the figure is confirmed by VAL-LHHS-02211 (the printed change column [Senate Committee recommendation compared with (+ or -) 2022 appropriation]); VAL-LHHS-02212 (the printed change column [Senate Committee recommendation compared with (+ or -) Budget estimate]),sum-fail-confirmed,OBS-LHHS-0549
VAL-LHHS-02296,G079,A,parse artifact: the lines grouped under this total do not match the printed table's structure; the figure is confirmed by VAL-LHHS-02297 (the printed change column [Senate Committee recommendation compared with (+ or -) 2022 appropriation]); VAL-LHHS-02298 (the printed change column [Senate Committee recommendation compared with (+ or -) Budget estimate]),sum-fail-confirmed,OBS-LHHS-0567
VAL-LHHS-04040,G079,A,parse artifact: the lines grouped under this total do not match the printed table's structure; the figure is confirmed by VAL-LHHS-04041 (the printed change column [Senate Committee recommendation compared with (+ or -) 2022 appropriation]); VAL-LHHS-04042 (the printed change column [Senate Committee recommendation compared with (+ or -) Budget estimate]),sum-fail-confirmed,OBS-LHHS-1015
VAL-LHHS-04269,G079,A,parse artifact: the lines grouped under this total do not match the printed table's structure; the figure is confirmed by VAL-LHHS-04270 (the printed change column [Senate Committee recommendation compared with (+ or -) 2022 appropriation]); VAL-LHHS-04271 (the printed change column [Senate Committee recommendation compared with (+ or -) Budget estimate]),sum-fail-confirmed,OBS-LHHS-1066
VAL-LHHS-04346,G079,A,parse artifact: the lines grouped under this total do not match the printed table's structure; the figure is confirmed by VAL-LHHS-04347 (the printed change column [Senate Committee recommendation compared with (+ or -) 2022 appropriation]); VAL-LHHS-04348 (the printed change column [Senate Committee recommendation compared with (+ or -) Budget estimate]),sum-fail-confirmed,OBS-LHHS-1083
VAL-LHHS-06095,G079,A,parse artifact: the lines grouped under this total do not match the printed table's structure; the figure is confirmed by VAL-LHHS-06097 (the printed change column [Senate Committee recommendation compared with (+ or -) 2022 appropriation]); VAL-LHHS-06098 (the printed change column [Senate Committee recommendation compared with (+ or -) Budget estimate]),sum-fail-confirmed,OBS-LHHS-1582
VAL-LHHS-06375,G079,A,parse artifact: the lines grouped under this total do not match the printed table's structure; the figure is confirmed by VAL-LHHS-06376 (the printed change column [Senate Committee recommendation compared with (+ or -) 2022 appropriation]); VAL-LHHS-06377 (the printed change column [Senate Committee recommendation compared with (+ or -) Budget estimate]),sum-fail-confirmed,OBS-LHHS-1658
VAL-LHHS-02963,G080,A,parse artifact: the lines grouped under this total do not match the printed table's structure; the figure is confirmed by VAL-LHHS-02964 (the printed change column [Senate Committee recommendation compared with (+ or -) 2024 appropriation]); VAL-LHHS-02967 (another document prints it),sum-fail-confirmed,OBS-LHHS-0719
VAL-LHHS-02986,G080,A,parse artifact: the lines grouped under this total do not match the printed table's structure; the figure is confirmed by VAL-LHHS-02987 (the printed change column [Senate Committee recommendation compared with (+ or -) Budget estimate]); VAL-LHHS-02990 (another document prints it),sum-fail-confirmed,OBS-LHHS-0724
VAL-LHHS-02991,G080,A,parse artifact: the lines grouped under this total do not match the printed table's structure; the figure is confirmed by VAL-LHHS-02992 (the printed change column [Senate Committee recommendation compared with (+ or -) 2024 appropriation]); VAL-LHHS-02993 (the printed change column [Senate Committee recommendation compared with (+ or -) Budget estimate]),sum-fail-confirmed,OBS-LHHS-0725
VAL-LHHS-04120,G080,A,parse artifact: the lines grouped under this total do not match the printed table's structure; the figure is confirmed by VAL-LHHS-04121 (the printed change column [Senate Committee recommendation compared with (+ or -) 2024 appropriation]); VAL-LHHS-04124 (another document prints it),sum-fail-confirmed,OBS-LHHS-1033
VAL-LHHS-04143,G080,A,parse artifact: the lines grouped under this total do not match the printed table's structure; the figure is confirmed by VAL-LHHS-04144 (the printed change column [Senate Committee recommendation compared with (+ or -) Budget estimate]); VAL-LHHS-04147 (another document prints it),sum-fail-confirmed,OBS-LHHS-1038
VAL-LHHS-04148,G080,A,parse artifact: the lines grouped under this total do not match the printed table's structure; the figure is confirmed by VAL-LHHS-04149 (the printed change column [Senate Committee recommendation compared with (+ or -) 2024 appropriation]); VAL-LHHS-04150 (the printed change column [Senate Committee recommendation compared with (+ or -) Budget estimate]),sum-fail-confirmed,OBS-LHHS-1039
VAL-LHHS-04134,G081,A,parse artifact: the lines grouped under this total do not match the printed table's structure; the figure is confirmed by VAL-LHHS-04135 (the printed change column [Bill vs. Estimate]),sum-fail-confirmed,OBS-LHHS-1036
VAL-LHHS-04157,G081,A,parse artifact: the lines grouped under this total do not match the printed table's structure; the figure is confirmed by VAL-LHHS-04158 (the printed change column [Bill vs. Estimate]); VAL-LHHS-04159 (the printed change column [Bill vs. Request]),sum-fail-confirmed,OBS-LHHS-1041
VAL-LHHS-04162,G081,A,parse artifact: the lines grouped under this total do not match the printed table's structure; the figure is confirmed by VAL-LHHS-04163 (the printed change column [Bill vs. Request]),sum-fail-confirmed,OBS-LHHS-1042
VAL-LHHS-04153,G082,A,parse artifact: the lines grouped under this total do not match the printed table's structure; the figure is confirmed by VAL-LHHS-04154 (the printed change column [Committee vs. Enacted]),sum-fail-confirmed,OBS-LHHS-1040
VAL-LHHS-04169,G082,A,parse artifact: the lines grouped under this total do not match the printed table's structure; the figure is confirmed by VAL-LHHS-04170 (the printed change column [Committee vs. Enacted]); VAL-LHHS-04171 (the printed change column [Committee vs. Request]),sum-fail-confirmed,OBS-LHHS-1044
VAL-LHHS-04174,G082,A,parse artifact: the lines grouped under this total do not match the printed table's structure; the figure is confirmed by VAL-LHHS-04175 (the printed change column [Committee vs. Request]),sum-fail-confirmed,OBS-LHHS-1045
VAL-LHHS-06785,G083,A,parse artifact: the lines grouped under this total do not match the printed table's structure; the figure is confirmed by VAL-LHHS-06786 (the printed change column [Bill vs. Enacted]); VAL-LHHS-06787 (the printed change column [Bill vs. Request]),sum-fail-confirmed,OBS-LHHS-1749
VAL-LHHS-06932,G083,A,parse artifact: the lines grouped under this total do not match the printed table's structure; the figure is confirmed by VAL-LHHS-06933 (the printed change column [Bill vs. Enacted]); VAL-LHHS-06934 (the printed change column [Bill vs. Request]),sum-fail-confirmed,OBS-LHHS-1781
VAL-LHHS-07136,G083,A,parse artifact: the lines grouped under this total do not match the printed table's structure; the figure is confirmed by VAL-LHHS-07138 (the printed change column [Bill vs. Enacted]); VAL-LHHS-07139 (the printed change column [Bill vs. Request]),sum-fail-confirmed,OBS-LHHS-1827
VAL-LHHS-01812,G084,A,parse artifact: the lines grouped under this total do not match the printed table's structure; the figure is confirmed by VAL-LHHS-01813 (the printed change column [Senate Committee recommendation compared with (+ or -) 2024 appropriation]); VAL-LHHS-01910 (the agency totals sum to it),sum-fail-confirmed,OBS-LHHS-0433
VAL-LHHS-01841,G084,A,parse artifact: the lines grouped under this total do not match the printed table's structure; the figure is confirmed by VAL-LHHS-01842 (the printed change column [Senate Committee recommendation compared with (+ or -) Budget estimate]); VAL-LHHS-01914 (the agency totals sum to it),sum-fail-confirmed,OBS-LHHS-0439
VAL-LHHS-01851,G084,A,parse artifact: the lines grouped under this total do not match the printed table's structure; the figure is confirmed by VAL-LHHS-01852 (the printed change column [Senate Committee recommendation compared with (+ or -) 2024 appropriation]); VAL-LHHS-01853 (the printed change column [Senate Committee recommendation compared with (+ or -) Budget estimate]),sum-fail-confirmed,OBS-LHHS-0441
VAL-LHHS-02981,G085,A,parse artifact: the lines grouped under this total do not match the printed table's structure; the figure is confirmed by VAL-LHHS-02982 (the printed change column [Bill vs. Enacted]); VAL-LHHS-02983 (the printed change column [Bill vs. Request]),sum-fail-confirmed,OBS-LHHS-0723
VAL-LHHS-04138,G085,A,parse artifact: the lines grouped under this total do not match the printed table's structure; the figure is confirmed by VAL-LHHS-04139 (the printed change column [Bill vs. Enacted]); VAL-LHHS-04140 (the printed change column [Bill vs. Request]),sum-fail-confirmed,OBS-LHHS-1037
VAL-LHHS-01883,G086,A,parse artifact: the lines grouped under this total do not match the printed table's structure; the figure is confirmed by VAL-LHHS-01918 (the agency totals sum to it),sum-fail-confirmed,OBS-LHHS-0449
VAL-LHHS-07162,G087,A,parse artifact: the lines grouped under this total do not match the printed table's structure; the figure is confirmed by VAL-LHHS-07163 (the printed change column [Bill vs. Enacted]); VAL-LHHS-07164 (the printed change column [Bill vs. Request]),sum-fail-confirmed,OBS-LHHS-1832
VAL-LHHS-03009,G088,B,check the printed page: the lines under this total do not sum to it and no other check confirms the figure,sum-fail-unconfirmed,OBS-LHHS-0729
VAL-LHHS-04166,G088,B,check the printed page: the lines under this total do not sum to it and no other check confirms the figure,sum-fail-unconfirmed,OBS-LHHS-1043
OBS-0884,G089,A,"derived figure (a sum of printed lines), not printed on the page; the page check cannot find it",page-derived,OBS-0884
OBS-0887,G089,A,"derived figure (a sum of printed lines), not printed on the page; the page check cannot find it",page-derived,OBS-0887
OBS-0924,G089,A,"derived figure (a sum of printed lines), not printed on the page; the page check cannot find it",page-derived,OBS-0924
OBS-0927,G089,A,"derived figure (a sum of printed lines), not printed on the page; the page check cannot find it",page-derived,OBS-0927
OBS-0938,G090,A,"derived figure (a sum of printed lines), not printed on the page; the page check cannot find it",page-derived,OBS-0938
OBS-0939,G090,A,"derived figure (a sum of printed lines), not printed on the page; the page check cannot find it",page-derived,OBS-0939
OBS-0940,G090,A,"derived figure (a sum of printed lines), not printed on the page; the page check cannot find it",page-derived,OBS-0940
OBS-0907,G091,A,"derived figure (a sum of printed lines), not printed on the page; the page check cannot find it",page-derived,OBS-0907
OBS-0942,G092,A,"derived figure (a sum of printed lines), not printed on the page; the page check cannot find it",page-derived,OBS-0942
OBS-0890,G093,A,"derived figure (a sum of printed lines), not printed on the page; the page check cannot find it",page-derived,OBS-0890
OBS-0928,G094,A,"derived figure (a sum of printed lines), not printed on the page; the page check cannot find it",page-derived,OBS-0928
OBS-LHHS-0370,G095,B,"open the PDF: the figure was found 16 pages before source_page 366; if it is the same line, correct source_page",page-nearby,OBS-LHHS-0370
OBS-LHHS-0374,G095,B,"open the PDF: the figure was found 16 pages before source_page 366; if it is the same line, correct source_page",page-nearby,OBS-LHHS-0374
OBS-LHHS-0250,G096,B,"open the PDF: the figure was found 37 pages before source_page 296; if it is the same line, correct source_page",page-nearby,OBS-LHHS-0250
OBS-LHHS-0366,G096,B,"open the PDF: the figure was found 36 pages after source_page 296; if it is the same line, correct source_page",page-nearby,OBS-LHHS-0366
OBS-0107,G097,B,"open the PDF: the figure was found 15 pages before source_page 148-149; if it is the same line, correct source_page",page-nearby,OBS-0107
OBS-0554,G097,B,"open the PDF: the figure was found 14 pages before source_page 148-149; if it is the same line, correct source_page",page-nearby,OBS-0554
OBS-0255,G098,B,"open the PDF: the figure was found 14 pages before source_page 219-220; if it is the same line, correct source_page",page-nearby,OBS-0255
OBS-0542,G098,B,"open the PDF: the figure was found 14 pages before source_page 219-220; if it is the same line, correct source_page",page-nearby,OBS-0542
OBS-0117,G099,B,"open the PDF: the figure was found 13 pages before source_page 120-121; if it is the same line, correct source_page",page-nearby,OBS-0117
OBS-0233,G100,B,"open the PDF: the figure was found 12 pages before source_page 128-129; if it is the same line, correct source_page",page-nearby,OBS-0233
OBS-0103,G101,B,"open the PDF: the figure was found 12 pages before source_page 187-188; if it is the same line, correct source_page",page-nearby,OBS-0103
OBS-0241,G102,B,"open the PDF: the figure was found 15 pages before source_page 128-130; if it is the same line, correct source_page",page-nearby,OBS-0241
OBS-LHHS-1677,G103,B,"open the PDF: the figure was found 1 pages after source_page 346; if it is the same line, correct source_page",page-nearby,OBS-LHHS-1677
OBS-0084,G104,B,open the PDF at source_page and confirm the figure is printed there (the text layer and OCR missed it); correct source_page if it is elsewhere,page-not-found,OBS-0084
OBS-0124,G104,B,open the PDF at source_page and confirm the figure is printed there (the text layer and OCR missed it); correct source_page if it is elsewhere,page-not-found,OBS-0124
OBS-0161,G104,B,open the PDF at source_page and confirm the figure is printed there (the text layer and OCR missed it); correct source_page if it is elsewhere,page-not-found,OBS-0161
OBS-0164,G104,B,open the PDF at source_page and confirm the figure is printed there (the text layer and OCR missed it); correct source_page if it is elsewhere,page-not-found,OBS-0164
OBS-0201,G104,B,open the PDF at source_page and confirm the figure is printed there (the text layer and OCR missed it); correct source_page if it is elsewhere,page-not-found,OBS-0201
OBS-0244,G104,B,open the PDF at source_page and confirm the figure is printed there (the text layer and OCR missed it); correct source_page if it is elsewhere,page-not-found,OBS-0244
OBS-0281,G104,B,open the PDF at source_page and confirm the figure is printed there (the text layer and OCR missed it); correct source_page if it is elsewhere,page-not-found,OBS-0281
OBS-0284,G104,B,open the PDF at source_page and confirm the figure is printed there (the text layer and OCR missed it); correct source_page if it is elsewhere,page-not-found,OBS-0284
OBS-0321,G104,B,open the PDF at source_page and confirm the figure is printed there (the text layer and OCR missed it); correct source_page if it is elsewhere,page-not-found,OBS-0321
OBS-0361,G104,B,open the PDF at source_page and confirm the figure is printed there (the text layer and OCR missed it); correct source_page if it is elsewhere,page-not-found,OBS-0361
OBS-0364,G104,B,open the PDF at source_page and confirm the figure is printed there (the text layer and OCR missed it); correct source_page if it is elsewhere,page-not-found,OBS-0364
OBS-0404,G104,B,open the PDF at source_page and confirm the figure is printed there (the text layer and OCR missed it); correct source_page if it is elsewhere,page-not-found,OBS-0404
OBS-0441,G104,B,open the PDF at source_page and confirm the figure is printed there (the text layer and OCR missed it); correct source_page if it is elsewhere,page-not-found,OBS-0441
OBS-0444,G104,B,open the PDF at source_page and confirm the figure is printed there (the text layer and OCR missed it); correct source_page if it is elsewhere,page-not-found,OBS-0444
OBS-0481,G104,B,open the PDF at source_page and confirm the figure is printed there (the text layer and OCR missed it); correct source_page if it is elsewhere,page-not-found,OBS-0481
OBS-0484,G104,B,open the PDF at source_page and confirm the figure is printed there (the text layer and OCR missed it); correct source_page if it is elsewhere,page-not-found,OBS-0484
OBS-0528,G104,B,open the PDF at source_page and confirm the figure is printed there (the text layer and OCR missed it); correct source_page if it is elsewhere,page-not-found,OBS-0528
OBS-0531,G104,B,open the PDF at source_page and confirm the figure is printed there (the text layer and OCR missed it); correct source_page if it is elsewhere,page-not-found,OBS-0531
OBS-0608,G104,B,open the PDF at source_page and confirm the figure is printed there (the text layer and OCR missed it); correct source_page if it is elsewhere,page-not-found,OBS-0608
OBS-0611,G104,B,open the PDF at source_page and confirm the figure is printed there (the text layer and OCR missed it); correct source_page if it is elsewhere,page-not-found,OBS-0611
OBS-0688,G104,B,open the PDF at source_page and confirm the figure is printed there (the text layer and OCR missed it); correct source_page if it is elsewhere,page-not-found,OBS-0688
OBS-0691,G104,B,open the PDF at source_page and confirm the figure is printed there (the text layer and OCR missed it); correct source_page if it is elsewhere,page-not-found,OBS-0691
OBS-0728,G104,B,open the PDF at source_page and confirm the figure is printed there (the text layer and OCR missed it); correct source_page if it is elsewhere,page-not-found,OBS-0728
OBS-0731,G104,B,open the PDF at source_page and confirm the figure is printed there (the text layer and OCR missed it); correct source_page if it is elsewhere,page-not-found,OBS-0731
OBS-0804,G104,B,open the PDF at source_page and confirm the figure is printed there (the text layer and OCR missed it); correct source_page if it is elsewhere,page-not-found,OBS-0804
OBS-0807,G104,B,open the PDF at source_page and confirm the figure is printed there (the text layer and OCR missed it); correct source_page if it is elsewhere,page-not-found,OBS-0807
OBS-LHHS-0053,G105,B,open the PDF at source_page and confirm the figure is printed there (the text layer and OCR missed it); correct source_page if it is elsewhere,page-not-found,OBS-LHHS-0053
OBS-LHHS-0086,G105,B,open the PDF at source_page and confirm the figure is printed there (the text layer and OCR missed it); correct source_page if it is elsewhere,page-not-found,OBS-LHHS-0086
OBS-LHHS-0087,G105,B,open the PDF at source_page and confirm the figure is printed there (the text layer and OCR missed it); correct source_page if it is elsewhere,page-not-found,OBS-LHHS-0087
OBS-LHHS-0331,G105,B,open the PDF at source_page and confirm the figure is printed there (the text layer and OCR missed it); correct source_page if it is elsewhere,page-not-found,OBS-LHHS-0331
OBS-LHHS-0626,G105,B,open the PDF at source_page and confirm the figure is printed there (the text layer and OCR missed it); correct source_page if it is elsewhere,page-not-found,OBS-LHHS-0626
OBS-LHHS-0738,G105,B,open the PDF at source_page and confirm the figure is printed there (the text layer and OCR missed it); correct source_page if it is elsewhere,page-not-found,OBS-LHHS-0738
OBS-LHHS-0743,G105,B,open the PDF at source_page and confirm the figure is printed there (the text layer and OCR missed it); correct source_page if it is elsewhere,page-not-found,OBS-LHHS-0743
OBS-LHHS-0810,G105,B,open the PDF at source_page and confirm the figure is printed there (the text layer and OCR missed it); correct source_page if it is elsewhere,page-not-found,OBS-LHHS-0810
OBS-LHHS-0896,G105,B,open the PDF at source_page and confirm the figure is printed there (the text layer and OCR missed it); correct source_page if it is elsewhere,page-not-found,OBS-LHHS-0896
OBS-LHHS-1025,G105,B,open the PDF at source_page and confirm the figure is printed there (the text layer and OCR missed it); correct source_page if it is elsewhere,page-not-found,OBS-LHHS-1025
OBS-LHHS-1059,G105,B,open the PDF at source_page and confirm the figure is printed there (the text layer and OCR missed it); correct source_page if it is elsewhere,page-not-found,OBS-LHHS-1059
OBS-LHHS-1093,G105,B,open the PDF at source_page and confirm the figure is printed there (the text layer and OCR missed it); correct source_page if it is elsewhere,page-not-found,OBS-LHHS-1093
OBS-LHHS-1121,G105,B,open the PDF at source_page and confirm the figure is printed there (the text layer and OCR missed it); correct source_page if it is elsewhere,page-not-found,OBS-LHHS-1121
OBS-LHHS-1131,G105,B,open the PDF at source_page and confirm the figure is printed there (the text layer and OCR missed it); correct source_page if it is elsewhere,page-not-found,OBS-LHHS-1131
OBS-LHHS-1302,G105,B,open the PDF at source_page and confirm the figure is printed there (the text layer and OCR missed it); correct source_page if it is elsewhere,page-not-found,OBS-LHHS-1302
OBS-LHHS-1398,G105,B,open the PDF at source_page and confirm the figure is printed there (the text layer and OCR missed it); correct source_page if it is elsewhere,page-not-found,OBS-LHHS-1398
OBS-LHHS-1449,G105,B,open the PDF at source_page and confirm the figure is printed there (the text layer and OCR missed it); correct source_page if it is elsewhere,page-not-found,OBS-LHHS-1449
OBS-LHHS-1534,G105,B,open the PDF at source_page and confirm the figure is printed there (the text layer and OCR missed it); correct source_page if it is elsewhere,page-not-found,OBS-LHHS-1534
OBS-LHHS-1539,G105,B,open the PDF at source_page and confirm the figure is printed there (the text layer and OCR missed it); correct source_page if it is elsewhere,page-not-found,OBS-LHHS-1539
OBS-LHHS-1693,G105,B,open the PDF at source_page and confirm the figure is printed there (the text layer and OCR missed it); correct source_page if it is elsewhere,page-not-found,OBS-LHHS-1693
OBS-LHHS-0617,G106,B,open the PDF at source_page and confirm the figure is printed there (the text layer and OCR missed it); correct source_page if it is elsewhere,page-not-found,OBS-LHHS-0617
OBS-LHHS-0618,G106,B,open the PDF at source_page and confirm the figure is printed there (the text layer and OCR missed it); correct source_page if it is elsewhere,page-not-found,OBS-LHHS-0618
OBS-LHHS-0864,G106,B,open the PDF at source_page and confirm the figure is printed there (the text layer and OCR missed it); correct source_page if it is elsewhere,page-not-found,OBS-LHHS-0864
OBS-LHHS-1027,G106,B,open the PDF at source_page and confirm the figure is printed there (the text layer and OCR missed it); correct source_page if it is elsewhere,page-not-found,OBS-LHHS-1027
OBS-LHHS-1078,G106,B,open the PDF at source_page and confirm the figure is printed there (the text layer and OCR missed it); correct source_page if it is elsewhere,page-not-found,OBS-LHHS-1078
OBS-LHHS-1340,G106,B,open the PDF at source_page and confirm the figure is printed there (the text layer and OCR missed it); correct source_page if it is elsewhere,page-not-found,OBS-LHHS-1340
OBS-LHHS-1487,G106,B,open the PDF at source_page and confirm the figure is printed there (the text layer and OCR missed it); correct source_page if it is elsewhere,page-not-found,OBS-LHHS-1487
OBS-LHHS-1709,G106,B,open the PDF at source_page and confirm the figure is printed there (the text layer and OCR missed it); correct source_page if it is elsewhere,page-not-found,OBS-LHHS-1709
OBS-LHHS-1713,G106,B,open the PDF at source_page and confirm the figure is printed there (the text layer and OCR missed it); correct source_page if it is elsewhere,page-not-found,OBS-LHHS-1713
OBS-LHHS-0074,G107,B,open the PDF at source_page and confirm the figure is printed there (the text layer and OCR missed it); correct source_page if it is elsewhere,page-not-found,OBS-LHHS-0074
OBS-LHHS-0172,G107,B,open the PDF at source_page and confirm the figure is printed there (the text layer and OCR missed it); correct source_page if it is elsewhere,page-not-found,OBS-LHHS-0172
OBS-LHHS-0174,G107,B,open the PDF at source_page and confirm the figure is printed there (the text layer and OCR missed it); correct source_page if it is elsewhere,page-not-found,OBS-LHHS-0174
OBS-LHHS-0207,G107,B,open the PDF at source_page and confirm the figure is printed there (the text layer and OCR missed it); correct source_page if it is elsewhere,page-not-found,OBS-LHHS-0207
OBS-LHHS-0220,G107,B,open the PDF at source_page and confirm the figure is printed there (the text layer and OCR missed it); correct source_page if it is elsewhere,page-not-found,OBS-LHHS-0220
OBS-LHHS-0290,G107,B,open the PDF at source_page and confirm the figure is printed there (the text layer and OCR missed it); correct source_page if it is elsewhere,page-not-found,OBS-LHHS-0290
OBS-LHHS-0316,G107,B,open the PDF at source_page and confirm the figure is printed there (the text layer and OCR missed it); correct source_page if it is elsewhere,page-not-found,OBS-LHHS-0316
OBS-LHHS-0443,G107,B,open the PDF at source_page and confirm the figure is printed there (the text layer and OCR missed it); correct source_page if it is elsewhere,page-not-found,OBS-LHHS-0443
OBS-LHHS-0884,G108,B,open the PDF at source_page and confirm the figure is printed there (the text layer and OCR missed it); correct source_page if it is elsewhere,page-not-found,OBS-LHHS-0884
OBS-LHHS-1188,G108,B,open the PDF at source_page and confirm the figure is printed there (the text layer and OCR missed it); correct source_page if it is elsewhere,page-not-found,OBS-LHHS-1188
OBS-LHHS-1360,G108,B,open the PDF at source_page and confirm the figure is printed there (the text layer and OCR missed it); correct source_page if it is elsewhere,page-not-found,OBS-LHHS-1360
OBS-LHHS-1377,G108,B,open the PDF at source_page and confirm the figure is printed there (the text layer and OCR missed it); correct source_page if it is elsewhere,page-not-found,OBS-LHHS-1377
OBS-LHHS-1460,G108,B,open the PDF at source_page and confirm the figure is printed there (the text layer and OCR missed it); correct source_page if it is elsewhere,page-not-found,OBS-LHHS-1460
OBS-LHHS-1478,G108,B,open the PDF at source_page and confirm the figure is printed there (the text layer and OCR missed it); correct source_page if it is elsewhere,page-not-found,OBS-LHHS-1478
OBS-0067,G109,B,open the PDF at source_page and confirm the figure is printed there (the text layer and OCR missed it); correct source_page if it is elsewhere,page-not-found,OBS-0067
OBS-0068,G109,B,open the PDF at source_page and confirm the figure is printed there (the text layer and OCR missed it); correct source_page if it is elsewhere,page-not-found,OBS-0068
OBS-0069,G109,B,open the PDF at source_page and confirm the figure is printed there (the text layer and OCR missed it); correct source_page if it is elsewhere,page-not-found,OBS-0069
OBS-0269,G109,B,open the PDF at source_page and confirm the figure is printed there (the text layer and OCR missed it); correct source_page if it is elsewhere,page-not-found,OBS-0269
OBS-0389,G109,B,open the PDF at source_page and confirm the figure is printed there (the text layer and OCR missed it); correct source_page if it is elsewhere,page-not-found,OBS-0389
OBS-0428,G109,B,open the PDF at source_page and confirm the figure is printed there (the text layer and OCR missed it); correct source_page if it is elsewhere,page-not-found,OBS-0428
OBS-0129,G110,B,open the PDF at source_page and confirm the figure is printed there (the text layer and OCR missed it); correct source_page if it is elsewhere,page-not-found,OBS-0129
OBS-0169,G110,B,open the PDF at source_page and confirm the figure is printed there (the text layer and OCR missed it); correct source_page if it is elsewhere,page-not-found,OBS-0169
OBS-0408,G110,B,open the PDF at source_page and confirm the figure is printed there (the text layer and OCR missed it); correct source_page if it is elsewhere,page-not-found,OBS-0408
OBS-0409,G110,B,open the PDF at source_page and confirm the figure is printed there (the text layer and OCR missed it); correct source_page if it is elsewhere,page-not-found,OBS-0409
OBS-0448,G110,B,open the PDF at source_page and confirm the figure is printed there (the text layer and OCR missed it); correct source_page if it is elsewhere,page-not-found,OBS-0448
OBS-0771,G110,B,open the PDF at source_page and confirm the figure is printed there (the text layer and OCR missed it); correct source_page if it is elsewhere,page-not-found,OBS-0771
OBS-LHHS-0221,G111,B,open the PDF at source_page and confirm the figure is printed there (the text layer and OCR missed it); correct source_page if it is elsewhere,page-not-found,OBS-LHHS-0221
OBS-LHHS-0222,G111,B,open the PDF at source_page and confirm the figure is printed there (the text layer and OCR missed it); correct source_page if it is elsewhere,page-not-found,OBS-LHHS-0222
OBS-LHHS-0317,G111,B,open the PDF at source_page and confirm the figure is printed there (the text layer and OCR missed it); correct source_page if it is elsewhere,page-not-found,OBS-LHHS-0317
OBS-LHHS-0318,G111,B,open the PDF at source_page and confirm the figure is printed there (the text layer and OCR missed it); correct source_page if it is elsewhere,page-not-found,OBS-LHHS-0318
OBS-LHHS-0446,G111,B,open the PDF at source_page and confirm the figure is printed there (the text layer and OCR missed it); correct source_page if it is elsewhere,page-not-found,OBS-LHHS-0446
OBS-LHHS-0942,G111,B,open the PDF at source_page and confirm the figure is printed there (the text layer and OCR missed it); correct source_page if it is elsewhere,page-not-found,OBS-LHHS-0942
OBS-LHHS-0005,G112,B,open the PDF at source_page and confirm the figure is printed there (the text layer and OCR missed it); correct source_page if it is elsewhere,page-not-found,OBS-LHHS-0005
OBS-LHHS-0326,G112,B,open the PDF at source_page and confirm the figure is printed there (the text layer and OCR missed it); correct source_page if it is elsewhere,page-not-found,OBS-LHHS-0326
OBS-LHHS-0392,G112,B,open the PDF at source_page and confirm the figure is printed there (the text layer and OCR missed it); correct source_page if it is elsewhere,page-not-found,OBS-LHHS-0392
OBS-LHHS-0874,G112,B,open the PDF at source_page and confirm the figure is printed there (the text layer and OCR missed it); correct source_page if it is elsewhere,page-not-found,OBS-LHHS-0874
OBS-LHHS-1088,G112,B,open the PDF at source_page and confirm the figure is printed there (the text layer and OCR missed it); correct source_page if it is elsewhere,page-not-found,OBS-LHHS-1088
OBS-0116,G113,B,open the PDF at source_page and confirm the figure is printed there (the text layer and OCR missed it); correct source_page if it is elsewhere,page-not-found,OBS-0116
OBS-0236,G113,B,open the PDF at source_page and confirm the figure is printed there (the text layer and OCR missed it); correct source_page if it is elsewhere,page-not-found,OBS-0236
OBS-0476,G113,B,open the PDF at source_page and confirm the figure is printed there (the text layer and OCR missed it); correct source_page if it is elsewhere,page-not-found,OBS-0476
OBS-0643,G113,B,open the PDF at source_page and confirm the figure is printed there (the text layer and OCR missed it); correct source_page if it is elsewhere,page-not-found,OBS-0643
OBS-LHHS-0146,G114,B,open the PDF at source_page and confirm the figure is printed there (the text layer and OCR missed it); correct source_page if it is elsewhere,page-not-found,OBS-LHHS-0146
OBS-LHHS-0148,G114,B,open the PDF at source_page and confirm the figure is printed there (the text layer and OCR missed it); correct source_page if it is elsewhere,page-not-found,OBS-LHHS-0148
OBS-LHHS-0224,G114,B,open the PDF at source_page and confirm the figure is printed there (the text layer and OCR missed it); correct source_page if it is elsewhere,page-not-found,OBS-LHHS-0224
OBS-LHHS-0716,G114,B,open the PDF at source_page and confirm the figure is printed there (the text layer and OCR missed it); correct source_page if it is elsewhere,page-not-found,OBS-LHHS-0716
OBS-LHHS-0457,G115,B,open the PDF at source_page and confirm the figure is printed there (the text layer and OCR missed it); correct source_page if it is elsewhere,page-not-found,OBS-LHHS-0457
OBS-LHHS-0468,G115,B,open the PDF at source_page and confirm the figure is printed there (the text layer and OCR missed it); correct source_page if it is elsewhere,page-not-found,OBS-LHHS-0468
OBS-LHHS-0477,G115,B,open the PDF at source_page and confirm the figure is printed there (the text layer and OCR missed it); correct source_page if it is elsewhere,page-not-found,OBS-LHHS-0477
OBS-0017,G116,B,open the PDF at source_page and confirm the figure is printed there (the text layer and OCR missed it); correct source_page if it is elsewhere,page-not-found,OBS-0017
OBS-0256,G116,B,open the PDF at source_page and confirm the figure is printed there (the text layer and OCR missed it); correct source_page if it is elsewhere,page-not-found,OBS-0256
OBS-0337,G116,B,open the PDF at source_page and confirm the figure is printed there (the text layer and OCR missed it); correct source_page if it is elsewhere,page-not-found,OBS-0337
OBS-0023,G117,B,open the PDF at source_page and confirm the figure is printed there (the text layer and OCR missed it); correct source_page if it is elsewhere,page-not-found,OBS-0023
OBS-0025,G117,B,open the PDF at source_page and confirm the figure is printed there (the text layer and OCR missed it); correct source_page if it is elsewhere,page-not-found,OBS-0025
OBS-0285,G118,B,open the PDF at source_page and confirm the figure is printed there (the text layer and OCR missed it); correct source_page if it is elsewhere,page-not-found,OBS-0285
OBS-0405,G118,B,open the PDF at source_page and confirm the figure is printed there (the text layer and OCR missed it); correct source_page if it is elsewhere,page-not-found,OBS-0405
OBS-LHHS-0514,G119,B,open the PDF at source_page and confirm the figure is printed there (the text layer and OCR missed it); correct source_page if it is elsewhere,page-not-found,OBS-LHHS-0514
OBS-LHHS-0515,G119,B,open the PDF at source_page and confirm the figure is printed there (the text layer and OCR missed it); correct source_page if it is elsewhere,page-not-found,OBS-LHHS-0515
OBS-LHHS-0132,G120,B,open the PDF at source_page and confirm the figure is printed there (the text layer and OCR missed it); correct source_page if it is elsewhere,page-not-found,OBS-LHHS-0132
OBS-LHHS-0437,G120,B,open the PDF at source_page and confirm the figure is printed there (the text layer and OCR missed it); correct source_page if it is elsewhere,page-not-found,OBS-LHHS-0437
OBS-0520,G121,B,open the PDF at source_page and confirm the figure is printed there (the text layer and OCR missed it); correct source_page if it is elsewhere,page-not-found,OBS-0520
OBS-0112,G122,B,open the PDF at source_page and confirm the figure is printed there (the text layer and OCR missed it); correct source_page if it is elsewhere,page-not-found,OBS-0112
