observation_id,canonical_account_id,fiscal_year,stage,chamber,bill_id,report_id,amount,amount_type,component,headline_observation_id,offsetting_collections,transfer_link_account_id,source_document_id,source_page,source_table_or_section,extraction_method,confidence,verification_status,bill_url,report_jes_url
OBS-LHHS-0001,ACC-HHS-ACF-HEAD-START,2023,Enacted,N/A,P.L.117-328,N/A,11996820000,budget authority,,,FALSE,,SRC-CRPT-118SRPT84,385,"Title II, Administration for Children and Families -- printed as 'Head Start' [2023 appropriation]",text-extracted,0.95,unverified,https://www.govinfo.gov/app/details/PLAW-117publ328,N/A
OBS-LHHS-0002,ACC-HHS-ACF-HEAD-START,2024,Enacted,N/A,P.L.118-47,N/A,12271820000,budget authority,,,FALSE,,SRC-CRPT-118SRPT207,445,"Title II, Administration for Children and Families -- printed as 'Head Start' [2024 appropriation]",text-extracted,0.95,auto-validated,https://www.govinfo.gov/app/details/PLAW-118publ47,N/A
OBS-LHHS-0003,ACC-HHS-ACF-HEAD-START,2024,President's Budget,N/A,PREX 2.8:2024/APP,N/A,13111586000,budget authority,,,FALSE,,SRC-CRPT-118SRPT84,385,"Title II, Administration for Children and Families -- printed as 'Head Start' [Budget estimate]",text-extracted,0.95,auto-validated,https://www.govinfo.gov/content/pkg/BUDGET-2024-APP/pdf/BUDGET-2024-APP.pdf,N/A
OBS-LHHS-0004,ACC-HHS-ACF-HEAD-START,2024,Senate Reported,Senate,S.2624,S.Rept.118-84,11996820000,budget authority,,,FALSE,,SRC-CRPT-118SRPT84,385,"Title II, Administration for Children and Families -- printed as 'Head Start' [Committee recommendation]",text-extracted,0.95,auto-validated,https://www.govinfo.gov/app/details/BILLS-118s2624rs,https://www.govinfo.gov/app/details/CRPT-118srpt84
OBS-LHHS-0005,ACC-HHS-ACF-HEAD-START,2025,House Reported,House,H.R.9029,H.Rept.118-585,12296820000,budget authority,,,FALSE,,SRC-CRPT-118HRPT585,328,"Title II, Administration for Children and Families -- printed as 'Head Start' [Bill]",AI-extracted,0.95,auto-validated,https://www.govinfo.gov/app/details/BILLS-118hr9029rh,https://www.govinfo.gov/app/details/CRPT-118hrpt585
OBS-LHHS-0006,ACC-HHS-ACF-HEAD-START,2025,President's Budget,N/A,PREX 2.8:2025/APP,N/A,12540519000,budget authority,,,FALSE,,SRC-CRPT-118SRPT207,445,"Title II, Administration for Children and Families -- printed as 'Head Start' [Budget estimate]",text-extracted,0.95,auto-validated,https://www.govinfo.gov/content/pkg/BUDGET-2025-APP/pdf/BUDGET-2025-APP.pdf,N/A
OBS-LHHS-0007,ACC-HHS-ACF-HEAD-START,2025,Senate Reported,Senate,S.4942,S.Rept.118-207,12271820000,budget authority,,,FALSE,,SRC-CRPT-118SRPT207,445,"Title II, Administration for Children and Families -- printed as 'Head Start' [Committee recommendation]",text-extracted,0.95,auto-validated,https://www.govinfo.gov/app/details/BILLS-118s4942rs,https://www.govinfo.gov/app/details/CRPT-118srpt207
OBS-LHHS-0008,ACC-HHS-ACF-HEAD-START,2026,Enacted,N/A,P.L.119-75,JES_LHHS_P.L.119-75,12356820000,budget authority,,,FALSE,,SRC-EXPL-LHHS-FY2026-ENACTED,291,"Title II, Administration for Children and Families -- printed as 'Head Start' [FINAL BILL]",human_entered,0.95,auto-validated,https://www.govinfo.gov/app/details/PLAW-119publ75,https://www.govinfo.gov/app/details/CREC-2026-01-22/CREC-2026-01-22-pt2-PgH1353-2
OBS-LHHS-0009,ACC-HHS-ACF-HEAD-START,2026,House Reported,House,H.R.5304,H.Rept.119-271,12271820000,budget authority,,,FALSE,,SRC-CRPT-119HRPT271,354,"Title II, Administration for Children and Families -- printed as 'Head Start' [Bill]",AI-extracted,0.95,auto-validated,https://www.govinfo.gov/app/details/BILLS-119hr5304rh,https://www.govinfo.gov/app/details/CRPT-119hrpt271
OBS-LHHS-0010,ACC-HHS-ACF-HEAD-START,2026,President's Budget,N/A,PREX 2.8:2026/APP,N/A,12271820000,budget authority,,,FALSE,,SRC-CRPT-119HRPT271,354,"Title II, Administration for Children and Families -- printed as 'Head Start' [FY 2026 Request]",AI-extracted,0.95,auto-validated,https://www.govinfo.gov/content/pkg/BUDGET-2026-APP/pdf/BUDGET-2026-APP.pdf,N/A
OBS-LHHS-0011,ACC-HHS-ACF-HEAD-START,2026,Senate Reported,Senate,S.2587,S.Rept.119-55,12356820000,budget authority,,,FALSE,,SRC-CRPT-119SRPT55,438,"Title II, Administration for Children and Families -- printed as 'Head Start' [Committee recommendation]",text-extracted,0.95,unverified,https://www.govinfo.gov/app/details/BILLS-119s2587rs,https://www.govinfo.gov/app/details/CRPT-119srpt55
OBS-LHHS-0012,ACC-HHS-ACF-HEAD-START,2027,House Reported,House,H.R.9260,H.Rept.119-696,12366820000,budget authority,,,FALSE,,SRC-CRPT-119HRPT696,385,"Title II, Administration for Children and Families -- printed as 'Head Start' [Committee Recommendation]",AI-extracted,0.95,auto-validated,https://www.govinfo.gov/app/details/BILLS-119hr9260rh,https://www.govinfo.gov/app/details/CRPT-119hrpt696
OBS-LHHS-0013,ACC-HHS-ACF-HEAD-START,2027,President's Budget,N/A,PREX 2.8:2027/APP,N/A,12356820000,budget authority,,,FALSE,,SRC-CRPT-119HRPT696,385,"Title II, Administration for Children and Families -- printed as 'Head Start' [FY 2027 Request*]",AI-extracted,0.95,auto-validated,https://www.govinfo.gov/content/pkg/BUDGET-2027-APP/pdf/BUDGET-2027-APP.pdf,N/A
OBS-LHHS-0014,ACC-HHS-ACF-LIHEAP,2023,Enacted,N/A,P.L.117-328,N/A,4000000000,budget authority,,,FALSE,,SRC-CRPT-118SRPT84,384,"Title II, Administration for Children and Families -- printed as 'Total, LIHEAP' [2023 appropriation]",text-extracted,0.95,auto-validated,https://www.govinfo.gov/app/details/PLAW-117publ328,N/A
OBS-LHHS-0015,ACC-HHS-ACF-LIHEAP,2024,Enacted,N/A,P.L.118-47,N/A,4025000000,budget authority,,,FALSE,,SRC-CRPT-118SRPT207,444,"Title II, Administration for Children and Families -- printed as 'Total, LIHEAP, program level' [2024 appropriation]",text-extracted,0.95,auto-validated,https://www.govinfo.gov/app/details/PLAW-118publ47,N/A
OBS-LHHS-0016,ACC-HHS-ACF-LIHEAP,2024,President's Budget,N/A,PREX 2.8:2024/APP,N/A,4111000000,budget authority,,,FALSE,,SRC-CRPT-118SRPT84,384,"Title II, Administration for Children and Families -- printed as 'Total, LIHEAP' [Budget estimate]",text-extracted,0.95,auto-validated,https://www.govinfo.gov/content/pkg/BUDGET-2024-APP/pdf/BUDGET-2024-APP.pdf,N/A
OBS-LHHS-0017,ACC-HHS-ACF-LIHEAP,2024,Senate Reported,Senate,S.2624,S.Rept.118-84,4075000000,budget authority,,,FALSE,,SRC-CRPT-118SRPT84,384,"Title II, Administration for Children and Families -- printed as 'Total, LIHEAP' [Committee recommendation]",text-extracted,0.95,auto-validated,https://www.govinfo.gov/app/details/BILLS-118s2624rs,https://www.govinfo.gov/app/details/CRPT-118srpt84
OBS-LHHS-0018,ACC-HHS-ACF-LIHEAP,2025,House Reported,House,H.R.9029,H.Rept.118-585,4040000000,budget authority,,,FALSE,,SRC-CRPT-118HRPT585,327,"Title II, Administration for Children and Families -- printed as 'Total, LIHEAP, program level' [Bill]",AI-extracted,0.95,auto-validated,https://www.govinfo.gov/app/details/BILLS-118hr9029rh,https://www.govinfo.gov/app/details/CRPT-118hrpt585
OBS-LHHS-0019,ACC-HHS-ACF-LIHEAP,2025,President's Budget,N/A,PREX 2.8:2025/APP,N/A,4111000000,budget authority,,,FALSE,,SRC-CRPT-118SRPT207,444,"Title II, Administration for Children and Families -- printed as 'Total, LIHEAP, program level' [Budget estimate]",text-extracted,0.95,auto-validated,https://www.govinfo.gov/content/pkg/BUDGET-2025-APP/pdf/BUDGET-2025-APP.pdf,N/A
OBS-LHHS-0020,ACC-HHS-ACF-LIHEAP,2025,Senate Reported,Senate,S.4942,S.Rept.118-207,4125000000,budget authority,,,FALSE,,SRC-CRPT-118SRPT207,444,"Title II, Administration for Children and Families -- printed as 'Total, LIHEAP, program level' [Committee recommendation]",text-extracted,0.95,auto-validated,https://www.govinfo.gov/app/details/BILLS-118s4942rs,https://www.govinfo.gov/app/details/CRPT-118srpt207
OBS-LHHS-0021,ACC-HHS-ACF-LIHEAP,2026,Enacted,N/A,P.L.119-75,JES_LHHS_P.L.119-75,4045000000,budget authority,,,FALSE,,SRC-EXPL-LHHS-FY2026-ENACTED,290,"Title II, Administration for Children and Families -- printed as 'Formula Grants' [FINAL BILL]",human_entered,0.95,auto-validated,https://www.govinfo.gov/app/details/PLAW-119publ75,https://www.govinfo.gov/app/details/CREC-2026-01-22/CREC-2026-01-22-pt2-PgH1353-2
OBS-LHHS-0022,ACC-HHS-ACF-LIHEAP,2026,House Reported,House,H.R.5304,H.Rept.119-271,4035000000,budget authority,,,FALSE,,SRC-CRPT-119HRPT271,353,"Title II, Administration for Children and Families -- printed as 'Formula Grants' [Bill]",AI-extracted,0.95,auto-validated,https://www.govinfo.gov/app/details/BILLS-119hr5304rh,https://www.govinfo.gov/app/details/CRPT-119hrpt271
OBS-LHHS-0023,ACC-HHS-ACF-LIHEAP,2026,President's Budget,N/A,PREX 2.8:2026/APP,N/A,0,budget authority,,,FALSE,,SRC-CRPT-119HRPT271,353,"Title II, Administration for Children and Families -- printed as 'Formula Grants' [FY 2026 Request]",AI-extracted,0.95,auto-validated,https://www.govinfo.gov/content/pkg/BUDGET-2026-APP/pdf/BUDGET-2026-APP.pdf,N/A
OBS-LHHS-0024,ACC-HHS-ACF-LIHEAP,2026,Senate Reported,Senate,S.2587,S.Rept.119-55,4045000000,budget authority,,,FALSE,,SRC-CRPT-119SRPT55,438,"Title II, Administration for Children and Families -- printed as 'Total, LIHEAP' [Committee recommendation]",text-extracted,0.95,unverified,https://www.govinfo.gov/app/details/BILLS-119s2587rs,https://www.govinfo.gov/app/details/CRPT-119srpt55
OBS-LHHS-0025,ACC-HHS-ACF-LIHEAP,2027,House Reported,House,H.R.9260,H.Rept.119-696,4055000000,budget authority,,,FALSE,,SRC-CRPT-119HRPT696,384,"Title II, Administration for Children and Families -- printed as 'Formula Grants' [Committee Recommendation]",AI-extracted,0.95,auto-validated,https://www.govinfo.gov/app/details/BILLS-119hr9260rh,https://www.govinfo.gov/app/details/CRPT-119hrpt696
OBS-LHHS-0026,ACC-HHS-ACF-LIHEAP,2027,President's Budget,N/A,PREX 2.8:2027/APP,N/A,0,budget authority,,,FALSE,,SRC-CRPT-119HRPT696,384,"Title II, Administration for Children and Families -- printed as 'Formula Grants' [FY 2027 Request*]",AI-extracted,0.95,auto-validated,https://www.govinfo.gov/content/pkg/BUDGET-2027-APP/pdf/BUDGET-2027-APP.pdf,N/A
OBS-LHHS-0027,ACC-HHS-ACF-TOTAL,2023,Enacted,N/A,P.L.117-328,N/A,52962553000,budget authority,,,FALSE,,SRC-CRPT-118SRPT84,386,"Title II, Administration for Children and Families -- printed as 'Total, Administration for Children and Families' [2023 appropriation]",text-extracted,0.95,auto-validated,https://www.govinfo.gov/app/details/PLAW-117publ328,N/A
OBS-LHHS-0028,ACC-HHS-ACF-TOTAL,2023,Enacted,N/A,P.L.117-328,N/A,47687553000,budget authority,excluding_emergencies,OBS-LHHS-0027,FALSE,,SRC-CRPT-118SRPT84,387,"Title II, Administration for Children and Families -- printed as 'Total, ACF (excluding emergencies)' [2023 appropriation]",text-extracted,0.95,auto-validated,https://www.govinfo.gov/app/details/PLAW-117publ328,N/A
OBS-LHHS-0029,ACC-HHS-ACF-TOTAL,2023,Enacted,N/A,P.L.117-328,N/A,35928553000,budget authority,discretionary,OBS-LHHS-0027,FALSE,,SRC-CRPT-118SRPT84,387,"Title II, Administration for Children and Families -- printed as 'Total, Administration for Children and Families, discretionary' [2023 appropriation]",text-extracted,0.95,auto-validated,https://www.govinfo.gov/app/details/PLAW-117publ328,N/A
OBS-LHHS-0030,ACC-HHS-ACF-TOTAL,2024,Enacted,N/A,P.L.118-47,N/A,52748216000,budget authority,,,FALSE,,SRC-CRPT-118SRPT207,446,"Title II, Administration for Children and Families -- printed as 'Total, Administration for Children and Families' [2024 appropriation]",text-extracted,0.95,auto-validated,https://www.govinfo.gov/app/details/PLAW-118publ47,N/A
OBS-LHHS-0031,ACC-HHS-ACF-TOTAL,2024,Enacted,N/A,P.L.118-47,N/A,52748216000,budget authority,excluding_emergencies,OBS-LHHS-0030,FALSE,,SRC-CRPT-118SRPT207,447,"Title II, Administration for Children and Families -- printed as 'Total, ACF (excluding emergencies)' [2024 appropriation]",text-extracted,0.95,auto-validated,https://www.govinfo.gov/app/details/PLAW-118publ47,N/A
OBS-LHHS-0032,ACC-HHS-ACF-TOTAL,2024,Enacted,N/A,P.L.118-47,N/A,34000216000,budget authority,discretionary,OBS-LHHS-0030,FALSE,,SRC-CRPT-118SRPT207,447,"Title II, Administration for Children and Families -- printed as 'Total, Administration for Children and Families, discretionary' [2024 appropriation]",text-extracted,0.95,auto-validated,https://www.govinfo.gov/app/details/PLAW-118publ47,N/A
OBS-LHHS-0033,ACC-HHS-ACF-TOTAL,2024,President's Budget,N/A,PREX 2.8:2024/APP,N/A,55363420000,budget authority,,,FALSE,,SRC-CRPT-118SRPT84,386,"Title II, Administration for Children and Families -- printed as 'Total, Administration for Children and Families' [Budget estimate]",text-extracted,0.95,auto-validated,https://www.govinfo.gov/content/pkg/BUDGET-2024-APP/pdf/BUDGET-2024-APP.pdf,N/A
OBS-LHHS-0034,ACC-HHS-ACF-TOTAL,2024,President's Budget,N/A,PREX 2.8:2024/APP,N/A,55363420000,budget authority,excluding_emergencies,OBS-LHHS-0033,FALSE,,SRC-CRPT-118SRPT84,387,"Title II, Administration for Children and Families -- printed as 'Total, ACF (excluding emergencies)' [Budget estimate]",text-extracted,0.95,auto-validated,https://www.govinfo.gov/content/pkg/BUDGET-2024-APP/pdf/BUDGET-2024-APP.pdf,N/A
OBS-LHHS-0035,ACC-HHS-ACF-TOTAL,2024,President's Budget,N/A,PREX 2.8:2024/APP,N/A,36615420000,budget authority,discretionary,OBS-LHHS-0033,FALSE,,SRC-CRPT-118SRPT84,387,"Title II, Administration for Children and Families -- printed as 'Total, Administration for Children and Families, discretionary' [Budget estimate]",text-extracted,0.95,auto-validated,https://www.govinfo.gov/content/pkg/BUDGET-2024-APP/pdf/BUDGET-2024-APP.pdf,N/A
OBS-LHHS-0036,ACC-HHS-ACF-TOTAL,2024,Senate Reported,Senate,S.2624,S.Rept.118-84,52845216000,budget authority,,,FALSE,,SRC-CRPT-118SRPT84,386,"Title II, Administration for Children and Families -- printed as 'Total, Administration for Children and Families' [Committee recommendation]",text-extracted,0.95,auto-validated,https://www.govinfo.gov/app/details/BILLS-118s2624rs,https://www.govinfo.gov/app/details/CRPT-118srpt84
OBS-LHHS-0037,ACC-HHS-ACF-TOTAL,2024,Senate Reported,Senate,S.2624,S.Rept.118-84,49995216000,budget authority,excluding_emergencies,OBS-LHHS-0036,FALSE,,SRC-CRPT-118SRPT84,387,"Title II, Administration for Children and Families -- printed as 'Total, ACF (excluding emergencies)' [Committee recommendation]",text-extracted,0.95,auto-validated,https://www.govinfo.gov/app/details/BILLS-118s2624rs,https://www.govinfo.gov/app/details/CRPT-118srpt84
OBS-LHHS-0038,ACC-HHS-ACF-TOTAL,2024,Senate Reported,Senate,S.2624,S.Rept.118-84,34097216000,budget authority,discretionary,OBS-LHHS-0036,FALSE,,SRC-CRPT-118SRPT84,387,"Title II, Administration for Children and Families -- printed as 'Total, Administration for Children and Families, discretionary' [Committee recommendation]",text-extracted,0.95,auto-validated,https://www.govinfo.gov/app/details/BILLS-118s2624rs,https://www.govinfo.gov/app/details/CRPT-118srpt84
OBS-LHHS-0039,ACC-HHS-ACF-TOTAL,2025,House Reported,House,H.R.9029,H.Rept.118-585,48219801000,budget authority,,,FALSE,,SRC-CRPT-118HRPT585,330,"Title II, Administration for Children and Families -- printed as 'Total, Administration for Children and Families.' [Bill]",AI-extracted,0.95,auto-validated,https://www.govinfo.gov/app/details/BILLS-118hr9029rh,https://www.govinfo.gov/app/details/CRPT-118hrpt585
OBS-LHHS-0040,ACC-HHS-ACF-TOTAL,2025,House Reported,House,H.R.9029,H.Rept.118-585,48219801000,budget authority,excluding_emergencies,OBS-LHHS-0039,FALSE,,SRC-CRPT-118HRPT585,330,"Title II, Administration for Children and Families -- printed as 'Total, ACF (excluding emergencies)' [Bill]",AI-extracted,0.95,auto-validated,https://www.govinfo.gov/app/details/BILLS-118hr9029rh,https://www.govinfo.gov/app/details/CRPT-118hrpt585
OBS-LHHS-0041,ACC-HHS-ACF-TOTAL,2025,House Reported,House,H.R.9029,H.Rept.118-585,30282801000,budget authority,discretionary,OBS-LHHS-0039,FALSE,,SRC-CRPT-118HRPT585,330,"Title II, Administration for Children and Families -- printed as 'Total, Administration for Children and Families, discretionary' [Bill]",AI-extracted,0.95,auto-validated,https://www.govinfo.gov/app/details/BILLS-118hr9029rh,https://www.govinfo.gov/app/details/CRPT-118hrpt585
OBS-LHHS-0042,ACC-HHS-ACF-TOTAL,2025,President's Budget,N/A,PREX 2.8:2025/APP,N/A,55039423000,budget authority,,,FALSE,,SRC-CRPT-118SRPT207,446,"Title II, Administration for Children and Families -- printed as 'Total, Administration for Children and Families' [Budget estimate]",text-extracted,0.95,auto-validated,https://www.govinfo.gov/content/pkg/BUDGET-2025-APP/pdf/BUDGET-2025-APP.pdf,N/A
OBS-LHHS-0043,ACC-HHS-ACF-TOTAL,2025,President's Budget,N/A,PREX 2.8:2025/APP,N/A,49550244000,budget authority,excluding_emergencies,OBS-LHHS-0042,FALSE,,SRC-CRPT-118SRPT207,447,"Title II, Administration for Children and Families -- printed as 'Total, ACF (excluding emergencies)' [Budget estimate]",text-extracted,0.95,auto-validated,https://www.govinfo.gov/content/pkg/BUDGET-2025-APP/pdf/BUDGET-2025-APP.pdf,N/A
OBS-LHHS-0044,ACC-HHS-ACF-TOTAL,2025,President's Budget,N/A,PREX 2.8:2025/APP,N/A,37102423000,budget authority,discretionary,OBS-LHHS-0042,FALSE,,SRC-CRPT-118SRPT207,447,"Title II, Administration for Children and Families -- printed as 'Total, Administration for Children and Families, discretionary' [Budget estimate]",text-extracted,0.95,auto-validated,https://www.govinfo.gov/content/pkg/BUDGET-2025-APP/pdf/BUDGET-2025-APP.pdf,N/A
OBS-LHHS-0045,ACC-HHS-ACF-TOTAL,2025,Senate Reported,Senate,S.4942,S.Rept.118-207,54481055000,budget authority,,,FALSE,,SRC-CRPT-118SRPT207,446,"Title II, Administration for Children and Families -- printed as 'Total, Administration for Children and Families' [Committee recommendation]",text-extracted,0.95,auto-validated,https://www.govinfo.gov/app/details/BILLS-118s4942rs,https://www.govinfo.gov/app/details/CRPT-118srpt207
OBS-LHHS-0046,ACC-HHS-ACF-TOTAL,2025,Senate Reported,Senate,S.4942,S.Rept.118-207,50781055000,budget authority,excluding_emergencies,OBS-LHHS-0045,FALSE,,SRC-CRPT-118SRPT207,447,"Title II, Administration for Children and Families -- printed as 'Total, ACF (excluding emergencies)' [Committee recommendation]",text-extracted,0.95,auto-validated,https://www.govinfo.gov/app/details/BILLS-118s4942rs,https://www.govinfo.gov/app/details/CRPT-118srpt207
OBS-LHHS-0047,ACC-HHS-ACF-TOTAL,2025,Senate Reported,Senate,S.4942,S.Rept.118-207,36444055000,budget authority,discretionary,OBS-LHHS-0045,FALSE,,SRC-CRPT-118SRPT207,447,"Title II, Administration for Children and Families -- printed as 'Total, Administration for Children and Families, discretionary' [Committee recommendation]",text-extracted,0.95,auto-validated,https://www.govinfo.gov/app/details/BILLS-118s4942rs,https://www.govinfo.gov/app/details/CRPT-118srpt207
OBS-LHHS-0048,ACC-HHS-ACF-TOTAL,2026,Enacted,N/A,P.L.119-75,JES_LHHS_P.L.119-75,51736248000,budget authority,,,FALSE,,SRC-EXPL-LHHS-FY2026-ENACTED,292,"Title II, Administration for Children and Families -- printed as 'Total, Administration for Children and Families' [FINAL BILL]",human_entered,0.95,auto-validated,https://www.govinfo.gov/app/details/PLAW-119publ75,https://www.govinfo.gov/app/details/CREC-2026-01-22/CREC-2026-01-22-pt2-PgH1353-2
OBS-LHHS-0049,ACC-HHS-ACF-TOTAL,2026,Enacted,N/A,P.L.119-75,JES_LHHS_P.L.119-75,33026248000,budget authority,discretionary,OBS-LHHS-0048,FALSE,,SRC-EXPL-LHHS-FY2026-ENACTED,292,"Title II, Administration for Children and Families -- printed as 'Total, Administration for Children and Families, Discretionary' [FINAL BILL]",human_entered,0.95,auto-validated,https://www.govinfo.gov/app/details/PLAW-119publ75,https://www.govinfo.gov/app/details/CREC-2026-01-22/CREC-2026-01-22-pt2-PgH1353-2
OBS-LHHS-0050,ACC-HHS-ACF-TOTAL,2026,House Reported,House,H.R.5304,H.Rept.119-271,50326744000,budget authority,,,FALSE,,SRC-CRPT-119HRPT271,356,"Title II, Administration for Children and Families -- printed as 'Total, Administration for Children and Families' [Bill]",AI-extracted,0.95,auto-validated,https://www.govinfo.gov/app/details/BILLS-119hr5304rh,https://www.govinfo.gov/app/details/CRPT-119hrpt271
OBS-LHHS-0051,ACC-HHS-ACF-TOTAL,2026,House Reported,House,H.R.5304,H.Rept.119-271,31616744000,budget authority,discretionary,OBS-LHHS-0050,FALSE,,SRC-CRPT-119HRPT271,356,"Title II, Administration for Children and Families -- printed as 'Total, Administration for Children and Families, Discretionary' [Bill]",AI-extracted,0.95,auto-validated,https://www.govinfo.gov/app/details/BILLS-119hr5304rh,https://www.govinfo.gov/app/details/CRPT-119hrpt271
OBS-LHHS-0052,ACC-HHS-ACF-TOTAL,2026,President's Budget,N/A,PREX 2.8:2026/APP,N/A,45469350000,budget authority,,,FALSE,,SRC-CRPT-119HRPT271,356,"Title II, Administration for Children and Families -- printed as 'Total, Administration for Children and Families' [FY 2026 Request]",AI-extracted,0.95,auto-validated,https://www.govinfo.gov/content/pkg/BUDGET-2026-APP/pdf/BUDGET-2026-APP.pdf,N/A
OBS-LHHS-0053,ACC-HHS-ACF-TOTAL,2026,President's Budget,N/A,PREX 2.8:2026/APP,N/A,26759350000,budget authority,discretionary,OBS-LHHS-0052,FALSE,,SRC-CRPT-119HRPT271,356,"Title II, Administration for Children and Families -- printed as 'Total, Administration for Children and Families, Discretionary' [FY 2026 Request]",AI-extracted,0.95,auto-validated,https://www.govinfo.gov/content/pkg/BUDGET-2026-APP/pdf/BUDGET-2026-APP.pdf,N/A
OBS-LHHS-0054,ACC-HHS-ACF-TOTAL,2026,Senate Reported,Senate,S.2587,S.Rept.119-55,52240075000,budget authority,,,FALSE,,SRC-CRPT-119SRPT55,439,"Title II, Administration for Children and Families -- printed as 'Total, Administration for Children and Families' [Committee recommendation]",text-extracted,0.5,auto-validated,https://www.govinfo.gov/app/details/BILLS-119s2587rs,https://www.govinfo.gov/app/details/CRPT-119srpt55
OBS-LHHS-0055,ACC-HHS-ACF-TOTAL,2026,Senate Reported,Senate,S.2587,S.Rept.119-55,33530075000,budget authority,discretionary,OBS-LHHS-0054,FALSE,,SRC-CRPT-119SRPT55,439,"Title II, Administration for Children and Families -- printed as 'Total, Administration for Children and Families, discretionary' [Committee recommendation]",text-extracted,0.95,unverified,https://www.govinfo.gov/app/details/BILLS-119s2587rs,https://www.govinfo.gov/app/details/CRPT-119srpt55
OBS-LHHS-0056,ACC-HHS-ACF-TOTAL,2027,House Reported,House,H.R.9260,H.Rept.119-696,48352223000,budget authority,,,FALSE,,SRC-CRPT-119HRPT696,387,"Title II, Administration for Children and Families -- printed as 'Total, Administration for Children and Families.' [Committee Recommendation]",AI-extracted,0.95,auto-validated,https://www.govinfo.gov/app/details/BILLS-119hr9260rh,https://www.govinfo.gov/app/details/CRPT-119hrpt696
OBS-LHHS-0057,ACC-HHS-ACF-TOTAL,2027,House Reported,House,H.R.9260,H.Rept.119-696,31123223000,budget authority,discretionary,OBS-LHHS-0056,FALSE,,SRC-CRPT-119HRPT696,387,"Title II, Administration for Children and Families -- printed as 'Total, Administration for Children and Families, Discretionary' [Committee Recommendation]",AI-extracted,0.95,auto-validated,https://www.govinfo.gov/app/details/BILLS-119hr9260rh,https://www.govinfo.gov/app/details/CRPT-119hrpt696
OBS-LHHS-0058,ACC-HHS-ACF-TOTAL,2027,President's Budget,N/A,PREX 2.8:2027/APP,N/A,43454579000,budget authority,,,FALSE,,SRC-CRPT-119HRPT696,387,"Title II, Administration for Children and Families -- printed as 'Total, Administration for Children and Families.' [FY 2027 Request*]",AI-extracted,0.95,auto-validated,https://www.govinfo.gov/content/pkg/BUDGET-2027-APP/pdf/BUDGET-2027-APP.pdf,N/A
OBS-LHHS-0059,ACC-HHS-ACF-TOTAL,2027,President's Budget,N/A,PREX 2.8:2027/APP,N/A,26225579000,budget authority,discretionary,OBS-LHHS-0058,FALSE,,SRC-CRPT-119HRPT696,387,"Title II, Administration for Children and Families -- printed as 'Total, Administration for Children and Families, Discretionary' [FY 2027 Request*]",AI-extracted,0.95,auto-validated,https://www.govinfo.gov/content/pkg/BUDGET-2027-APP/pdf/BUDGET-2027-APP.pdf,N/A
OBS-LHHS-0060,ACC-HHS-ACL-TOTAL,2023,Enacted,N/A,P.L.117-328,N/A,2537787000,budget authority,,,FALSE,,SRC-CRPT-118SRPT84,389,"Title II, Administration for Community Living -- printed as 'Total, Administration for Community Living' [2023 appropriation]",text-extracted,0.95,auto-validated,https://www.govinfo.gov/app/details/PLAW-117publ328,N/A
OBS-LHHS-0061,ACC-HHS-ACL-TOTAL,2023,Enacted,N/A,P.L.117-328,N/A,2565487000,budget authority,program_level,OBS-LHHS-0060,FALSE,,SRC-CRPT-118SRPT84,389,"Title II, Administration for Community Living -- printed as 'Total, Administration for Community Living, program level' [2023 appropriation]",text-extracted,0.95,auto-validated,https://www.govinfo.gov/app/details/PLAW-117publ328,N/A
OBS-LHHS-0062,ACC-HHS-ACL-TOTAL,2024,Enacted,N/A,P.L.118-47,N/A,2520342000,budget authority,,,FALSE,,SRC-CRPT-118SRPT207,449,"Title II, Administration for Community Living -- printed as 'Total, Administration for Community Living' [2024 appropriation]",text-extracted,0.95,auto-validated,https://www.govinfo.gov/app/details/PLAW-118publ47,N/A
OBS-LHHS-0063,ACC-HHS-ACL-TOTAL,2024,Enacted,N/A,P.L.118-47,N/A,2548042000,budget authority,program_level,OBS-LHHS-0062,FALSE,,SRC-CRPT-118SRPT207,449,"Title II, Administration for Community Living -- printed as 'Total, Administration for Community Living, program level' [2024 appropriation]",text-extracted,0.95,auto-validated,https://www.govinfo.gov/app/details/PLAW-118publ47,N/A
OBS-LHHS-0064,ACC-HHS-ACL-TOTAL,2024,President's Budget,N/A,PREX 2.8:2024/APP,N/A,3027622000,budget authority,,,FALSE,,SRC-CRPT-118SRPT84,389,"Title II, Administration for Community Living -- printed as 'Total, Administration for Community Living' [Budget estimate]",text-extracted,0.95,auto-validated,https://www.govinfo.gov/content/pkg/BUDGET-2024-APP/pdf/BUDGET-2024-APP.pdf,N/A
OBS-LHHS-0065,ACC-HHS-ACL-TOTAL,2024,President's Budget,N/A,PREX 2.8:2024/APP,N/A,3055322000,budget authority,program_level,OBS-LHHS-0064,FALSE,,SRC-CRPT-118SRPT84,389,"Title II, Administration for Community Living -- printed as 'Total, Administration for Community Living, program level' [Budget estimate]",text-extracted,0.95,auto-validated,https://www.govinfo.gov/content/pkg/BUDGET-2024-APP/pdf/BUDGET-2024-APP.pdf,N/A
OBS-LHHS-0066,ACC-HHS-ACL-TOTAL,2024,Senate Reported,Senate,S.2624,S.Rept.118-84,2524592000,budget authority,,,FALSE,,SRC-CRPT-118SRPT84,389,"Title II, Administration for Community Living -- printed as 'Total, Administration for Community Living' [Committee recommendation]",text-extracted,0.95,auto-validated,https://www.govinfo.gov/app/details/BILLS-118s2624rs,https://www.govinfo.gov/app/details/CRPT-118srpt84
OBS-LHHS-0067,ACC-HHS-ACL-TOTAL,2024,Senate Reported,Senate,S.2624,S.Rept.118-84,2552292000,budget authority,program_level,OBS-LHHS-0066,FALSE,,SRC-CRPT-118SRPT84,389,"Title II, Administration for Community Living -- printed as 'Total, Administration for Community Living, program level' [Committee recommendation]",text-extracted,0.95,auto-validated,https://www.govinfo.gov/app/details/BILLS-118s2624rs,https://www.govinfo.gov/app/details/CRPT-118srpt84
OBS-LHHS-0068,ACC-HHS-ACL-TOTAL,2025,House Reported,House,H.R.9029,H.Rept.118-585,2470409000,budget authority,,,FALSE,,SRC-CRPT-118HRPT585,333,"Title II, Administration for Community Living -- printed as 'Total, Administration for Community Living' [Bill]",AI-extracted,0.95,auto-validated,https://www.govinfo.gov/app/details/BILLS-118hr9029rh,https://www.govinfo.gov/app/details/CRPT-118hrpt585
OBS-LHHS-0069,ACC-HHS-ACL-TOTAL,2025,House Reported,House,H.R.9029,H.Rept.118-585,2498109000,budget authority,program_level,OBS-LHHS-0068,FALSE,,SRC-CRPT-118HRPT585,333,"Title II, Administration for Community Living -- printed as 'Total, Administration for Community Living, program level' [Bill]",AI-extracted,0.95,auto-validated,https://www.govinfo.gov/app/details/BILLS-118hr9029rh,https://www.govinfo.gov/app/details/CRPT-118hrpt585
OBS-LHHS-0070,ACC-HHS-ACL-TOTAL,2025,President's Budget,N/A,PREX 2.8:2025/APP,N/A,2606343000,budget authority,,,FALSE,,SRC-CRPT-118SRPT207,449,"Title II, Administration for Community Living -- printed as 'Total, Administration for Community Living' [Budget estimate]",text-extracted,0.95,auto-validated,https://www.govinfo.gov/content/pkg/BUDGET-2025-APP/pdf/BUDGET-2025-APP.pdf,N/A
OBS-LHHS-0071,ACC-HHS-ACL-TOTAL,2025,President's Budget,N/A,PREX 2.8:2025/APP,N/A,2634043000,budget authority,program_level,OBS-LHHS-0070,FALSE,,SRC-CRPT-118SRPT207,449,"Title II, Administration for Community Living -- printed as 'Total, Administration for Community Living, program level' [Budget estimate]",text-extracted,0.95,auto-validated,https://www.govinfo.gov/content/pkg/BUDGET-2025-APP/pdf/BUDGET-2025-APP.pdf,N/A
OBS-LHHS-0072,ACC-HHS-ACL-TOTAL,2025,Senate Reported,Senate,S.4942,S.Rept.118-207,2516117000,budget authority,,,FALSE,,SRC-CRPT-118SRPT207,449,"Title II, Administration for Community Living -- printed as 'Total, Administration for Community Living' [Committee recommendation]",text-extracted,0.95,auto-validated,https://www.govinfo.gov/app/details/BILLS-118s4942rs,https://www.govinfo.gov/app/details/CRPT-118srpt207
OBS-LHHS-0073,ACC-HHS-ACL-TOTAL,2025,Senate Reported,Senate,S.4942,S.Rept.118-207,2543817000,budget authority,program_level,OBS-LHHS-0072,FALSE,,SRC-CRPT-118SRPT207,449,"Title II, Administration for Community Living -- printed as 'Total, Administration for Community Living, program level' [Committee recommendation]",text-extracted,0.95,auto-validated,https://www.govinfo.gov/app/details/BILLS-118s4942rs,https://www.govinfo.gov/app/details/CRPT-118srpt207
OBS-LHHS-0074,ACC-HHS-ACL-TOTAL,2026,Enacted,N/A,P.L.119-75,JES_LHHS_P.L.119-75,2508979000,budget authority,,,FALSE,,SRC-EXPL-LHHS-FY2026-ENACTED,294,"Title II, Administration for Community Living -- printed as 'Total, Administration for Community Living' [FINAL BILL]",human_entered,0.95,auto-validated,https://www.govinfo.gov/app/details/PLAW-119publ75,https://www.govinfo.gov/app/details/CREC-2026-01-22/CREC-2026-01-22-pt2-PgH1353-2
OBS-LHHS-0075,ACC-HHS-ACL-TOTAL,2026,Enacted,N/A,P.L.119-75,JES_LHHS_P.L.119-75,2536679000,budget authority,program_level,OBS-LHHS-0074,FALSE,,SRC-EXPL-LHHS-FY2026-ENACTED,294,"Title II, Administration for Community Living -- printed as 'Total, Administration for Community Living, program level' [FINAL BILL]",human_entered,0.95,auto-validated,https://www.govinfo.gov/app/details/PLAW-119publ75,https://www.govinfo.gov/app/details/CREC-2026-01-22/CREC-2026-01-22-pt2-PgH1353-2
OBS-LHHS-0076,ACC-HHS-ACL-TOTAL,2026,House Reported,House,H.R.5304,H.Rept.119-271,2480432000,budget authority,,,FALSE,,SRC-CRPT-119HRPT271,360,"Title II, Administration for Community Living -- printed as 'Total, Administration for Community Living' [Bill]",AI-extracted,0.95,auto-validated,https://www.govinfo.gov/app/details/BILLS-119hr5304rh,https://www.govinfo.gov/app/details/CRPT-119hrpt271
OBS-LHHS-0077,ACC-HHS-ACL-TOTAL,2026,House Reported,House,H.R.5304,H.Rept.119-271,2508132000,budget authority,program_level,OBS-LHHS-0076,FALSE,,SRC-CRPT-119HRPT271,360,"Title II, Administration for Community Living -- printed as 'Total, Administration for Community Living, program level' [Bill]",AI-extracted,0.95,auto-validated,https://www.govinfo.gov/app/details/BILLS-119hr5304rh,https://www.govinfo.gov/app/details/CRPT-119hrpt271
OBS-LHHS-0078,ACC-HHS-ACL-TOTAL,2026,President's Budget,N/A,PREX 2.8:2026/APP,N/A,2443100000,budget authority,,,FALSE,,SRC-CRPT-119HRPT271,360,"Title II, Administration for Community Living -- printed as 'Total, Administration for Community Living' [FY 2026 Request]",AI-extracted,0.95,auto-validated,https://www.govinfo.gov/content/pkg/BUDGET-2026-APP/pdf/BUDGET-2026-APP.pdf,N/A
OBS-LHHS-0079,ACC-HHS-ACL-TOTAL,2026,President's Budget,N/A,PREX 2.8:2026/APP,N/A,2443100000,budget authority,program_level,OBS-LHHS-0078,FALSE,,SRC-CRPT-119HRPT271,360,"Title II, Administration for Community Living -- printed as 'Total, Administration for Community Living, program level' [FY 2026 Request]",AI-extracted,0.95,auto-validated,https://www.govinfo.gov/content/pkg/BUDGET-2026-APP/pdf/BUDGET-2026-APP.pdf,N/A
OBS-LHHS-0080,ACC-HHS-ACL-TOTAL,2026,Senate Reported,Senate,S.2587,S.Rept.119-55,2500979000,budget authority,,,FALSE,,SRC-CRPT-119SRPT55,440,"Title II, Administration for Community Living -- printed as 'Total, Administration for Community Living' [Committee recommendation]",text-extracted,0.95,auto-validated,https://www.govinfo.gov/app/details/BILLS-119s2587rs,https://www.govinfo.gov/app/details/CRPT-119srpt55
OBS-LHHS-0081,ACC-HHS-ACL-TOTAL,2026,Senate Reported,Senate,S.2587,S.Rept.119-55,2542479000,budget authority,program_level,OBS-LHHS-0080,FALSE,,SRC-CRPT-119SRPT55,440,"Title II, Administration for Community Living -- printed as 'Total, Administration for Community Living, program level' [Committee recommendation]",text-extracted,0.95,auto-validated,https://www.govinfo.gov/app/details/BILLS-119s2587rs,https://www.govinfo.gov/app/details/CRPT-119srpt55
OBS-LHHS-0082,ACC-HHS-ACL-TOTAL,2027,House Reported,House,H.R.9260,H.Rept.119-696,2495011000,budget authority,,,FALSE,,SRC-CRPT-119HRPT696,390,"Title II, Administration for Community Living -- printed as 'Total, Administration for Community Living' [Committee Recommendation]",AI-extracted,0.95,auto-validated,https://www.govinfo.gov/app/details/BILLS-119hr9260rh,https://www.govinfo.gov/app/details/CRPT-119hrpt696
OBS-LHHS-0083,ACC-HHS-ACL-TOTAL,2027,House Reported,House,H.R.9260,H.Rept.119-696,2522711000,budget authority,program_level,OBS-LHHS-0082,FALSE,,SRC-CRPT-119HRPT696,390,"Title II, Administration for Community Living -- printed as 'Total, Administration for Community Living, program level' [Committee Recommendation]",AI-extracted,0.95,auto-validated,https://www.govinfo.gov/app/details/BILLS-119hr9260rh,https://www.govinfo.gov/app/details/CRPT-119hrpt696
OBS-LHHS-0084,ACC-HHS-ACL-TOTAL,2027,President's Budget,N/A,PREX 2.8:2027/APP,N/A,2454100000,budget authority,,,FALSE,,SRC-CRPT-119HRPT696,390,"Title II, Administration for Community Living -- printed as 'Total, Administration for Community Living' [FY 2027 Request*]",AI-extracted,0.95,auto-validated,https://www.govinfo.gov/content/pkg/BUDGET-2027-APP/pdf/BUDGET-2027-APP.pdf,N/A
OBS-LHHS-0085,ACC-HHS-ACL-TOTAL,2027,President's Budget,N/A,PREX 2.8:2027/APP,N/A,2454100000,budget authority,program_level,OBS-LHHS-0084,FALSE,,SRC-CRPT-119HRPT696,390,"Title II, Administration for Community Living -- printed as 'Total, Administration for Community Living, program level' [FY 2027 Request*]",AI-extracted,0.95,auto-validated,https://www.govinfo.gov/content/pkg/BUDGET-2027-APP/pdf/BUDGET-2027-APP.pdf,N/A
OBS-LHHS-0086,ACC-HHS-AHA-TOTAL,2026,President's Budget,N/A,PREX 2.8:2026/APP,N/A,574803000,budget authority,,,FALSE,,SRC-CRPT-119HRPT271,334,"Title II, Administration for a Healthy America -- printed as 'Total, Administration for a Healthy America' [FY 2026 Request]",AI-extracted,0.95,auto-validated,https://www.govinfo.gov/content/pkg/BUDGET-2026-APP/pdf/BUDGET-2026-APP.pdf,N/A
OBS-LHHS-0087,ACC-HHS-AHA-TOTAL,2026,President's Budget,N/A,PREX 2.8:2026/APP,N/A,579688000,budget authority,program_level,OBS-LHHS-0086,FALSE,,SRC-CRPT-119HRPT271,334,"Title II, Administration for a Healthy America -- printed as 'Total, Administration for a Healthy America, program level' [FY 2026 Request]",AI-extracted,0.95,auto-validated,https://www.govinfo.gov/content/pkg/BUDGET-2026-APP/pdf/BUDGET-2026-APP.pdf,N/A
OBS-LHHS-0088,ACC-HHS-AHA-TOTAL,2027,President's Budget,N/A,PREX 2.8:2027/APP,N/A,427803000,budget authority,,,FALSE,,SRC-CRPT-119HRPT696,365,"Title II, Administration for a Healthy America -- printed as 'Administration for a Healthy America, Discretionary 1/' [FY 2027 Request*]",AI-extracted,0.95,auto-validated,https://www.govinfo.gov/content/pkg/BUDGET-2027-APP/pdf/BUDGET-2027-APP.pdf,N/A
OBS-LHHS-0089,ACC-HHS-AHA-TOTAL,2027,President's Budget,N/A,PREX 2.8:2027/APP,N/A,432688000,budget authority,program_level,OBS-LHHS-0088,FALSE,,SRC-CRPT-119HRPT696,365,"Title II, Administration for a Healthy America -- printed as 'Total, Administration for a Healthy America, program level' [FY 2027 Request*]",AI-extracted,0.95,auto-validated,https://www.govinfo.gov/content/pkg/BUDGET-2027-APP/pdf/BUDGET-2027-APP.pdf,N/A
OBS-LHHS-0090,ACC-HHS-AHRQ-TOTAL,2023,Enacted,N/A,P.L.117-328,N/A,373500000,budget authority,,,FALSE,,SRC-CRPT-118SRPT84,382,"Title II, Agency for Healthcare Research and Quality -- printed as 'Total, AHRQ' [2023 appropriation]",text-extracted,0.95,auto-validated,https://www.govinfo.gov/app/details/PLAW-117publ328,N/A
OBS-LHHS-0091,ACC-HHS-AHRQ-TOTAL,2023,Enacted,N/A,P.L.117-328,N/A,373500000,budget authority,program_level,OBS-LHHS-0090,FALSE,,SRC-CRPT-118SRPT84,382,"Title II, Agency for Healthcare Research and Quality -- printed as 'Total, AHRQ, program level' [2023 appropriation]",text-extracted,0.95,auto-validated,https://www.govinfo.gov/app/details/PLAW-117publ328,N/A
OBS-LHHS-0092,ACC-HHS-AHRQ-TOTAL,2024,Enacted,N/A,P.L.118-47,N/A,369000000,budget authority,,,FALSE,,SRC-CRPT-118SRPT207,441,"Title II, Agency for Healthcare Research and Quality -- printed as 'Total, AHRQ' [2024 appropriation]",text-extracted,0.95,auto-validated,https://www.govinfo.gov/app/details/PLAW-118publ47,N/A
OBS-LHHS-0093,ACC-HHS-AHRQ-TOTAL,2024,Enacted,N/A,P.L.118-47,N/A,369000000,budget authority,program_level,OBS-LHHS-0092,FALSE,,SRC-CRPT-118SRPT207,441,"Title II, Agency for Healthcare Research and Quality -- printed as 'Total, AHRQ, program level' [2024 appropriation]",text-extracted,0.95,auto-validated,https://www.govinfo.gov/app/details/PLAW-118publ47,N/A
OBS-LHHS-0094,ACC-HHS-AHRQ-TOTAL,2024,President's Budget,N/A,PREX 2.8:2024/APP,N/A,402500000,budget authority,,,FALSE,,SRC-CRPT-118SRPT84,382,"Title II, Agency for Healthcare Research and Quality -- printed as 'Total, AHRQ' [Budget estimate]",text-extracted,0.95,auto-validated,https://www.govinfo.gov/content/pkg/BUDGET-2024-APP/pdf/BUDGET-2024-APP.pdf,N/A
OBS-LHHS-0095,ACC-HHS-AHRQ-TOTAL,2024,President's Budget,N/A,PREX 2.8:2024/APP,N/A,447500000,budget authority,program_level,OBS-LHHS-0094,FALSE,,SRC-CRPT-118SRPT84,382,"Title II, Agency for Healthcare Research and Quality -- printed as 'Total, AHRQ, program level' [Budget estimate]",text-extracted,0.95,auto-validated,https://www.govinfo.gov/content/pkg/BUDGET-2024-APP/pdf/BUDGET-2024-APP.pdf,N/A
OBS-LHHS-0096,ACC-HHS-AHRQ-TOTAL,2024,Senate Reported,Senate,S.2624,S.Rept.118-84,370500000,budget authority,,,FALSE,,SRC-CRPT-118SRPT84,382,"Title II, Agency for Healthcare Research and Quality -- printed as 'Total, AHRQ' [Committee recommendation]",text-extracted,0.95,auto-validated,https://www.govinfo.gov/app/details/BILLS-118s2624rs,https://www.govinfo.gov/app/details/CRPT-118srpt84
OBS-LHHS-0097,ACC-HHS-AHRQ-TOTAL,2024,Senate Reported,Senate,S.2624,S.Rept.118-84,370500000,budget authority,program_level,OBS-LHHS-0096,FALSE,,SRC-CRPT-118SRPT84,382,"Title II, Agency for Healthcare Research and Quality -- printed as 'Total, AHRQ, program level' [Committee recommendation]",text-extracted,0.95,auto-validated,https://www.govinfo.gov/app/details/BILLS-118s2624rs,https://www.govinfo.gov/app/details/CRPT-118srpt84
OBS-LHHS-0098,ACC-HHS-AHRQ-TOTAL,2025,House Reported,House,H.R.9029,H.Rept.118-585,0,budget authority,,,FALSE,,SRC-CRPT-118HRPT585,323,"Title II, Agency for Healthcare Research and Quality -- printed as 'Total, AHRQ' [Bill]",AI-extracted,0.95,auto-validated,https://www.govinfo.gov/app/details/BILLS-118hr9029rh,https://www.govinfo.gov/app/details/CRPT-118hrpt585
OBS-LHHS-0099,ACC-HHS-AHRQ-TOTAL,2025,House Reported,House,H.R.9029,H.Rept.118-585,0,budget authority,program_level,OBS-LHHS-0098,FALSE,,SRC-CRPT-118HRPT585,323,"Title II, Agency for Healthcare Research and Quality -- printed as 'Total, AHRQ, program level' [Bill]",AI-extracted,0.95,auto-validated,https://www.govinfo.gov/app/details/BILLS-118hr9029rh,https://www.govinfo.gov/app/details/CRPT-118hrpt585
OBS-LHHS-0100,ACC-HHS-AHRQ-TOTAL,2025,President's Budget,N/A,PREX 2.8:2025/APP,N/A,387345000,budget authority,,,FALSE,,SRC-CRPT-118SRPT207,441,"Title II, Agency for Healthcare Research and Quality -- printed as 'Total, AHRQ' [Budget estimate]",text-extracted,0.95,auto-validated,https://www.govinfo.gov/content/pkg/BUDGET-2025-APP/pdf/BUDGET-2025-APP.pdf,N/A
OBS-LHHS-0101,ACC-HHS-AHRQ-TOTAL,2025,President's Budget,N/A,PREX 2.8:2025/APP,N/A,387345000,budget authority,program_level,OBS-LHHS-0100,FALSE,,SRC-CRPT-118SRPT207,441,"Title II, Agency for Healthcare Research and Quality -- printed as 'Total, AHRQ, program level' [Budget estimate]",text-extracted,0.95,auto-validated,https://www.govinfo.gov/content/pkg/BUDGET-2025-APP/pdf/BUDGET-2025-APP.pdf,N/A
OBS-LHHS-0102,ACC-HHS-AHRQ-TOTAL,2025,Senate Reported,Senate,S.4942,S.Rept.118-207,376000000,budget authority,,,FALSE,,SRC-CRPT-118SRPT207,441,"Title II, Agency for Healthcare Research and Quality -- printed as 'Total, AHRQ' [Committee recommendation]",text-extracted,0.95,auto-validated,https://www.govinfo.gov/app/details/BILLS-118s4942rs,https://www.govinfo.gov/app/details/CRPT-118srpt207
OBS-LHHS-0103,ACC-HHS-AHRQ-TOTAL,2025,Senate Reported,Senate,S.4942,S.Rept.118-207,376000000,budget authority,program_level,OBS-LHHS-0102,FALSE,,SRC-CRPT-118SRPT207,441,"Title II, Agency for Healthcare Research and Quality -- printed as 'Total, AHRQ, program level' [Committee recommendation]",text-extracted,0.95,auto-validated,https://www.govinfo.gov/app/details/BILLS-118s4942rs,https://www.govinfo.gov/app/details/CRPT-118srpt207
OBS-LHHS-0104,ACC-HHS-AHRQ-TOTAL,2026,Enacted,N/A,P.L.119-75,JES_LHHS_P.L.119-75,345380000,budget authority,,,FALSE,,SRC-EXPL-LHHS-FY2026-ENACTED,288,"Title II, Agency for Healthcare Research and Quality -- printed as 'Total, AHRQ' [FINAL BILL]",human_entered,0.95,auto-validated,https://www.govinfo.gov/app/details/PLAW-119publ75,https://www.govinfo.gov/app/details/CREC-2026-01-22/CREC-2026-01-22-pt2-PgH1353-2
OBS-LHHS-0105,ACC-HHS-AHRQ-TOTAL,2026,House Reported,House,H.R.5304,H.Rept.119-271,0,budget authority,,,FALSE,,SRC-CRPT-119HRPT271,349,"Title II, Agency for Healthcare Research and Quality -- printed as 'Total, AHRQ' [Bill]",AI-extracted,0.95,auto-validated,https://www.govinfo.gov/app/details/BILLS-119hr5304rh,https://www.govinfo.gov/app/details/CRPT-119hrpt271
OBS-LHHS-0106,ACC-HHS-AHRQ-TOTAL,2026,President's Budget,N/A,PREX 2.8:2026/APP,N/A,0,budget authority,,,FALSE,,SRC-CRPT-119HRPT271,349,"Title II, Agency for Healthcare Research and Quality -- printed as 'Total, AHRQ' [FY 2026 Request]",AI-extracted,0.95,auto-validated,https://www.govinfo.gov/content/pkg/BUDGET-2026-APP/pdf/BUDGET-2026-APP.pdf,N/A
OBS-LHHS-0107,ACC-HHS-AHRQ-TOTAL,2026,Senate Reported,Senate,S.2587,S.Rept.119-55,345380000,budget authority,,,FALSE,,SRC-CRPT-119SRPT55,436,"Title II, Agency for Healthcare Research and Quality -- printed as 'Total, AHRQ' [Committee recommendation]",text-extracted,0.5,auto-validated,https://www.govinfo.gov/app/details/BILLS-119s2587rs,https://www.govinfo.gov/app/details/CRPT-119srpt55
OBS-LHHS-0108,ACC-HHS-AHRQ-TOTAL,2026,Senate Reported,Senate,S.2587,S.Rept.119-55,345380000,budget authority,program_level,OBS-LHHS-0107,FALSE,,SRC-CRPT-119SRPT55,436,"Title II, Agency for Healthcare Research and Quality -- printed as 'Total, AHRQ, program level' [Committee recommendation]",text-extracted,0.95,auto-validated,https://www.govinfo.gov/app/details/BILLS-119s2587rs,https://www.govinfo.gov/app/details/CRPT-119srpt55
OBS-LHHS-0109,ACC-HHS-AHRQ-TOTAL,2027,House Reported,House,H.R.9260,H.Rept.119-696,0,budget authority,,,FALSE,,SRC-CRPT-119HRPT696,380,"Title II, Agency for Healthcare Research and Quality -- printed as 'Total, AHRQ' [Committee Recommendation]",AI-extracted,0.95,auto-validated,https://www.govinfo.gov/app/details/BILLS-119hr9260rh,https://www.govinfo.gov/app/details/CRPT-119hrpt696
OBS-LHHS-0110,ACC-HHS-AHRQ-TOTAL,2027,President's Budget,N/A,PREX 2.8:2027/APP,N/A,0,budget authority,,,FALSE,,SRC-CRPT-119HRPT696,380,"Title II, Agency for Healthcare Research and Quality -- printed as 'Total, AHRQ' [FY 2027 Request*]",AI-extracted,0.95,auto-validated,https://www.govinfo.gov/content/pkg/BUDGET-2027-APP/pdf/BUDGET-2027-APP.pdf,N/A
OBS-LHHS-0111,ACC-HHS-ASPR-TOTAL,2023,Enacted,N/A,P.L.117-328,N/A,3629677000,budget authority,,,FALSE,,SRC-CRPT-118SRPT84,390,"Title II, Administration for Strategic Preparedness and Response -- printed as 'Total, Administration for Strategic Preparedness and Response' [2023 appropriation]",text-extracted,0.5,flagged,https://www.govinfo.gov/app/details/PLAW-117publ328,N/A
OBS-LHHS-0112,ACC-HHS-ASPR-TOTAL,2024,Enacted,N/A,P.L.118-47,N/A,3634606000,budget authority,,,FALSE,,SRC-CRPT-118SRPT207,450,"Title II, Administration for Strategic Preparedness and Response -- printed as 'Total, Administration for Strategic Preparedness and Response' [2024 appropriation]",text-extracted,0.95,auto-validated,https://www.govinfo.gov/app/details/PLAW-118publ47,N/A
OBS-LHHS-0113,ACC-HHS-ASPR-TOTAL,2024,President's Budget,N/A,PREX 2.8:2024/APP,N/A,4271913000,budget authority,,,FALSE,,SRC-CRPT-118SRPT84,390,"Title II, Administration for Strategic Preparedness and Response -- printed as 'Total, Administration for Strategic Preparedness and Response' [Budget estimate]",text-extracted,0.5,flagged,https://www.govinfo.gov/content/pkg/BUDGET-2024-APP/pdf/BUDGET-2024-APP.pdf,N/A
OBS-LHHS-0114,ACC-HHS-ASPR-TOTAL,2024,Senate Reported,Senate,S.2624,S.Rept.118-84,3673677000,budget authority,,,FALSE,,SRC-CRPT-118SRPT84,390,"Title II, Administration for Strategic Preparedness and Response -- printed as 'Total, Administration for Strategic Preparedness and Response' [Committee recommendation]",text-extracted,0.5,flagged,https://www.govinfo.gov/app/details/BILLS-118s2624rs,https://www.govinfo.gov/app/details/CRPT-118srpt84
OBS-LHHS-0115,ACC-HHS-ASPR-TOTAL,2025,House Reported,House,H.R.9029,H.Rept.118-585,3630597000,budget authority,,,FALSE,,SRC-CRPT-118HRPT585,335,"Title II, Administration for Strategic Preparedness and Response -- printed as 'Total, Administration for Strategic Preparedness and Response' [Bill]",AI-extracted,0.95,auto-validated,https://www.govinfo.gov/app/details/BILLS-118hr9029rh,https://www.govinfo.gov/app/details/CRPT-118hrpt585
OBS-LHHS-0116,ACC-HHS-ASPR-TOTAL,2025,President's Budget,N/A,PREX 2.8:2025/APP,N/A,3768088000,budget authority,,,FALSE,,SRC-CRPT-118SRPT207,450,"Title II, Administration for Strategic Preparedness and Response -- printed as 'Total, Administration for Strategic Preparedness and Response' [Budget estimate]",text-extracted,0.95,auto-validated,https://www.govinfo.gov/content/pkg/BUDGET-2025-APP/pdf/BUDGET-2025-APP.pdf,N/A
OBS-LHHS-0117,ACC-HHS-ASPR-TOTAL,2025,Senate Reported,Senate,S.4942,S.Rept.118-207,3827597000,budget authority,,,FALSE,,SRC-CRPT-118SRPT207,450,"Title II, Administration for Strategic Preparedness and Response -- printed as 'Total, Administration for Strategic Preparedness and Response' [Committee recommendation]",text-extracted,0.95,auto-validated,https://www.govinfo.gov/app/details/BILLS-118s4942rs,https://www.govinfo.gov/app/details/CRPT-118srpt207
OBS-LHHS-0118,ACC-HHS-ASPR-TOTAL,2026,Enacted,N/A,P.L.119-75,JES_LHHS_P.L.119-75,3692597000,budget authority,,,FALSE,,SRC-EXPL-LHHS-FY2026-ENACTED,294,"Title II, Administration for Strategic Preparedness and Response -- printed as 'Total, Administration for Strategic Preparedness and Response' [FINAL BILL]",human_entered,0.95,auto-validated,https://www.govinfo.gov/app/details/PLAW-119publ75,https://www.govinfo.gov/app/details/CREC-2026-01-22/CREC-2026-01-22-pt2-PgH1353-2
OBS-LHHS-0119,ACC-HHS-ASPR-TOTAL,2026,House Reported,House,H.R.5304,H.Rept.119-271,3509606000,budget authority,,,FALSE,,SRC-CRPT-119HRPT271,361,"Title II, Administration for Strategic Preparedness and Response -- printed as 'Total, Administration for Strategic Preparedness and Response' [Bill]",AI-extracted,0.95,auto-validated,https://www.govinfo.gov/app/details/BILLS-119hr5304rh,https://www.govinfo.gov/app/details/CRPT-119hrpt271
OBS-LHHS-0120,ACC-HHS-ASPR-TOTAL,2026,President's Budget,N/A,PREX 2.8:2026/APP,N/A,2825880000,budget authority,,,FALSE,,SRC-CRPT-119HRPT271,361,"Title II, Administration for Strategic Preparedness and Response -- printed as 'Total, Administration for Strategic Preparedness and Response' [FY 2026 Request]",AI-extracted,0.95,auto-validated,https://www.govinfo.gov/content/pkg/BUDGET-2026-APP/pdf/BUDGET-2026-APP.pdf,N/A
OBS-LHHS-0121,ACC-HHS-ASPR-TOTAL,2026,Senate Reported,Senate,S.2587,S.Rept.119-55,3616597000,budget authority,,,FALSE,,SRC-CRPT-119SRPT55,441,"Title II, Administration for Strategic Preparedness and Response -- printed as 'Total, Administration for Strategic Preparedness and Response' [Committee recommendation]",text-extracted,0.95,auto-validated,https://www.govinfo.gov/app/details/BILLS-119s2587rs,https://www.govinfo.gov/app/details/CRPT-119srpt55
OBS-LHHS-0122,ACC-HHS-ASPR-TOTAL,2027,House Reported,House,H.R.9260,H.Rept.119-696,3648597000,budget authority,,,FALSE,,SRC-CRPT-119HRPT696,392,"Title II, Administration for Strategic Preparedness and Response -- printed as 'Total, Administration for Strategic Preparedness and Response' [Committee Recommendation]",AI-extracted,0.95,auto-validated,https://www.govinfo.gov/app/details/BILLS-119hr9260rh,https://www.govinfo.gov/app/details/CRPT-119hrpt696
OBS-LHHS-0123,ACC-HHS-ASPR-TOTAL,2027,President's Budget,N/A,PREX 2.8:2027/APP,N/A,3337069000,budget authority,,,FALSE,,SRC-CRPT-119HRPT696,392,"Title II, Administration for Strategic Preparedness and Response -- printed as 'Total, Administration for Strategic Preparedness and Response' [FY 2027 Request*]",AI-extracted,0.95,auto-validated,https://www.govinfo.gov/content/pkg/BUDGET-2027-APP/pdf/BUDGET-2027-APP.pdf,N/A
OBS-LHHS-0124,ACC-HHS-CDC-TOTAL,2023,Enacted,N/A,P.L.117-328,N/A,8314290000,budget authority,,,FALSE,,SRC-CRPT-118SRPT84,377,"Title II, Centers for Disease Control and Prevention -- printed as 'Total, Centers for Disease Control and Prevention' [2023 appropriation]",text-extracted,0.5,flagged,https://www.govinfo.gov/app/details/PLAW-117publ328,N/A
OBS-LHHS-0125,ACC-HHS-CDC-TOTAL,2023,Enacted,N/A,P.L.117-328,N/A,9217590000,budget authority,program_level,OBS-LHHS-0124,FALSE,,SRC-CRPT-118SRPT84,378,"Title II, Centers for Disease Control and Prevention -- printed as 'Total, Centers for Disease Control program level' [2023 appropriation]",text-extracted,0.95,auto-validated,https://www.govinfo.gov/app/details/PLAW-117publ328,N/A
OBS-LHHS-0126,ACC-HHS-CDC-TOTAL,2024,Enacted,N/A,P.L.118-47,N/A,7992946000,budget authority,,,FALSE,,SRC-CRPT-118SRPT207,436,"Title II, Centers for Disease Control and Prevention -- printed as 'Total, Centers for Disease Control and Prevention' [2024 appropriation]",text-extracted,0.95,auto-validated,https://www.govinfo.gov/app/details/PLAW-118publ47,N/A
OBS-LHHS-0127,ACC-HHS-CDC-TOTAL,2024,Enacted,N/A,P.L.118-47,N/A,9222090000,budget authority,program_level,OBS-LHHS-0126,FALSE,,SRC-CRPT-118SRPT207,436,"Title II, Centers for Disease Control and Prevention -- printed as 'Total, Centers for Disease Control, program level' [2024 appropriation]",text-extracted,0.95,auto-validated,https://www.govinfo.gov/app/details/PLAW-118publ47,N/A
OBS-LHHS-0128,ACC-HHS-CDC-TOTAL,2024,President's Budget,N/A,PREX 2.8:2024/APP,N/A,10272669000,budget authority,,,FALSE,,SRC-CRPT-118SRPT84,377,"Title II, Centers for Disease Control and Prevention -- printed as 'Total, Centers for Disease Control and Prevention' [Budget estimate]",text-extracted,0.5,flagged,https://www.govinfo.gov/content/pkg/BUDGET-2024-APP/pdf/BUDGET-2024-APP.pdf,N/A
OBS-LHHS-0129,ACC-HHS-CDC-TOTAL,2024,President's Budget,N/A,PREX 2.8:2024/APP,N/A,11636211000,budget authority,program_level,OBS-LHHS-0128,FALSE,,SRC-CRPT-118SRPT84,378,"Title II, Centers for Disease Control and Prevention -- printed as 'Total, Centers for Disease Control program level' [Budget estimate]",text-extracted,0.95,auto-validated,https://www.govinfo.gov/content/pkg/BUDGET-2024-APP/pdf/BUDGET-2024-APP.pdf,N/A
OBS-LHHS-0130,ACC-HHS-CDC-TOTAL,2024,Senate Reported,Senate,S.2624,S.Rept.118-84,7767060000,budget authority,,,FALSE,,SRC-CRPT-118SRPT84,377,"Title II, Centers for Disease Control and Prevention -- printed as 'Total, Centers for Disease Control and Prevention' [Committee recommendation]",text-extracted,0.5,flagged,https://www.govinfo.gov/app/details/BILLS-118s2624rs,https://www.govinfo.gov/app/details/CRPT-118srpt84
OBS-LHHS-0131,ACC-HHS-CDC-TOTAL,2024,Senate Reported,Senate,S.2624,S.Rept.118-84,9197590000,budget authority,program_level,OBS-LHHS-0130,FALSE,,SRC-CRPT-118SRPT84,378,"Title II, Centers for Disease Control and Prevention -- printed as 'Total, Centers for Disease Control program level' [Committee recommendation]",text-extracted,0.95,auto-validated,https://www.govinfo.gov/app/details/BILLS-118s2624rs,https://www.govinfo.gov/app/details/CRPT-118srpt84
OBS-LHHS-0132,ACC-HHS-CDC-TOTAL,2025,House Reported,House,H.R.9029,H.Rept.118-585,6259858000,budget authority,,,FALSE,,SRC-CRPT-118HRPT585,316,"Title II, Centers for Disease Control and Prevention -- printed as 'Total, Centers for Disease Control and Prevention' [Bill]",AI-extracted,0.95,auto-validated,https://www.govinfo.gov/app/details/BILLS-118hr9029rh,https://www.govinfo.gov/app/details/CRPT-118hrpt585
OBS-LHHS-0133,ACC-HHS-CDC-TOTAL,2025,House Reported,House,H.R.9029,H.Rept.118-585,7446058000,budget authority,program_level,OBS-LHHS-0132,FALSE,,SRC-CRPT-118HRPT585,316,"Title II, Centers for Disease Control and Prevention -- printed as 'Total, Centers for Disease Control, program level' [Bill]",AI-extracted,0.95,auto-validated,https://www.govinfo.gov/app/details/BILLS-118hr9029rh,https://www.govinfo.gov/app/details/CRPT-118hrpt585
OBS-LHHS-0134,ACC-HHS-CDC-TOTAL,2025,President's Budget,N/A,PREX 2.8:2025/APP,N/A,8452490000,budget authority,,,FALSE,,SRC-CRPT-118SRPT207,436,"Title II, Centers for Disease Control and Prevention -- printed as 'Total, Centers for Disease Control and Prevention' [Budget estimate]",text-extracted,0.95,auto-validated,https://www.govinfo.gov/content/pkg/BUDGET-2025-APP/pdf/BUDGET-2025-APP.pdf,N/A
OBS-LHHS-0135,ACC-HHS-CDC-TOTAL,2025,President's Budget,N/A,PREX 2.8:2025/APP,N/A,9738690000,budget authority,program_level,OBS-LHHS-0134,FALSE,,SRC-CRPT-118SRPT207,436,"Title II, Centers for Disease Control and Prevention -- printed as 'Total, Centers for Disease Control, program level' [Budget estimate]",text-extracted,0.95,auto-validated,https://www.govinfo.gov/content/pkg/BUDGET-2025-APP/pdf/BUDGET-2025-APP.pdf,N/A
OBS-LHHS-0136,ACC-HHS-CDC-TOTAL,2025,Senate Reported,Senate,S.4942,S.Rept.118-207,8098857000,budget authority,,,FALSE,,SRC-CRPT-118SRPT207,436,"Title II, Centers for Disease Control and Prevention -- printed as 'Total, Centers for Disease Control and Prevention' [Committee recommendation]",text-extracted,0.95,auto-validated,https://www.govinfo.gov/app/details/BILLS-118s4942rs,https://www.govinfo.gov/app/details/CRPT-118srpt207
OBS-LHHS-0137,ACC-HHS-CDC-TOTAL,2025,Senate Reported,Senate,S.4942,S.Rept.118-207,9395090000,budget authority,program_level,OBS-LHHS-0136,FALSE,,SRC-CRPT-118SRPT207,436,"Title II, Centers for Disease Control and Prevention -- printed as 'Total, Centers for Disease Control, program level' [Committee recommendation]",text-extracted,0.95,auto-validated,https://www.govinfo.gov/app/details/BILLS-118s4942rs,https://www.govinfo.gov/app/details/CRPT-118srpt207
OBS-LHHS-0138,ACC-HHS-CDC-TOTAL,2026,Enacted,N/A,P.L.119-75,JES_LHHS_P.L.119-75,7761672000,budget authority,,,FALSE,,SRC-EXPL-LHHS-FY2026-ENACTED,285,"Title II, Centers for Disease Control and Prevention -- printed as 'Total, Centers for Disease Control and Prevention' [FINAL BILL]",human_entered,0.95,auto-validated,https://www.govinfo.gov/app/details/PLAW-119publ75,https://www.govinfo.gov/app/details/CREC-2026-01-22/CREC-2026-01-22-pt2-PgH1353-2
OBS-LHHS-0139,ACC-HHS-CDC-TOTAL,2026,Enacted,N/A,P.L.119-75,JES_LHHS_P.L.119-75,9202991000,budget authority,program_level,OBS-LHHS-0138,FALSE,,SRC-EXPL-LHHS-FY2026-ENACTED,285,"Title II, Centers for Disease Control and Prevention -- printed as 'Total, Centers for Disease Control, program level' [FINAL BILL]",human_entered,0.95,auto-validated,https://www.govinfo.gov/app/details/PLAW-119publ75,https://www.govinfo.gov/app/details/CREC-2026-01-22/CREC-2026-01-22-pt2-PgH1353-2
OBS-LHHS-0140,ACC-HHS-CDC-TOTAL,2026,House Reported,House,H.R.5304,H.Rept.119-271,6082505000,budget authority,,,FALSE,,SRC-CRPT-119HRPT271,342,"Title II, Centers for Disease Control and Prevention -- printed as 'Total, Centers for Disease Control and Prevention' [Bill]",AI-extracted,0.95,auto-validated,https://www.govinfo.gov/app/details/BILLS-119hr5304rh,https://www.govinfo.gov/app/details/CRPT-119hrpt271
OBS-LHHS-0141,ACC-HHS-CDC-TOTAL,2026,House Reported,House,H.R.5304,H.Rept.119-271,7480880000,budget authority,program_level,OBS-LHHS-0140,FALSE,,SRC-CRPT-119HRPT271,343,"Title II, Centers for Disease Control and Prevention -- printed as 'Total, Centers for Disease Control, program level' [Bill]",AI-extracted,0.95,auto-validated,https://www.govinfo.gov/app/details/BILLS-119hr5304rh,https://www.govinfo.gov/app/details/CRPT-119hrpt271
OBS-LHHS-0142,ACC-HHS-CDC-TOTAL,2026,President's Budget,N/A,PREX 2.8:2026/APP,N/A,5094944000,budget authority,,,FALSE,,SRC-CRPT-119HRPT271,342,"Title II, Centers for Disease Control and Prevention -- printed as 'Total, Centers for Disease Control and Prevention' [FY 2026 Request]",AI-extracted,0.95,auto-validated,https://www.govinfo.gov/content/pkg/BUDGET-2026-APP/pdf/BUDGET-2026-APP.pdf,N/A
OBS-LHHS-0143,ACC-HHS-CDC-TOTAL,2026,President's Budget,N/A,PREX 2.8:2026/APP,N/A,5475241000,budget authority,program_level,OBS-LHHS-0142,FALSE,,SRC-CRPT-119HRPT271,343,"Title II, Centers for Disease Control and Prevention -- printed as 'Total, Centers for Disease Control, program level' [FY 2026 Request]",AI-extracted,0.95,auto-validated,https://www.govinfo.gov/content/pkg/BUDGET-2026-APP/pdf/BUDGET-2026-APP.pdf,N/A
OBS-LHHS-0144,ACC-HHS-CDC-TOTAL,2026,Senate Reported,Senate,S.2587,S.Rept.119-55,7710771000,budget authority,,,FALSE,,SRC-CRPT-119SRPT55,434,"Title II, Centers for Disease Control and Prevention -- printed as 'Total, Centers for Disease Control and Prevention' [Committee recommendation]",text-extracted,0.5,auto-validated,https://www.govinfo.gov/app/details/BILLS-119s2587rs,https://www.govinfo.gov/app/details/CRPT-119srpt55
OBS-LHHS-0145,ACC-HHS-CDC-TOTAL,2026,Senate Reported,Senate,S.2587,S.Rept.119-55,9152090000,budget authority,program_level,OBS-LHHS-0144,FALSE,,SRC-CRPT-119SRPT55,434,"Title II, Centers for Disease Control and Prevention -- printed as 'Total, Centers for Disease Control, program level' [Committee recommendation]",text-extracted,0.95,unverified,https://www.govinfo.gov/app/details/BILLS-119s2587rs,https://www.govinfo.gov/app/details/CRPT-119srpt55
OBS-LHHS-0146,ACC-HHS-CDC-TOTAL,2027,House Reported,House,H.R.9260,H.Rept.119-696,6723092000,budget authority,,,FALSE,,SRC-CRPT-119HRPT696,373,"Title II, Centers for Disease Control and Prevention -- printed as 'Total, Centers for Disease Control and Prevention' [Committee Recommendation]",AI-extracted,0.95,auto-validated,https://www.govinfo.gov/app/details/BILLS-119hr9260rh,https://www.govinfo.gov/app/details/CRPT-119hrpt696
OBS-LHHS-0147,ACC-HHS-CDC-TOTAL,2027,House Reported,House,H.R.9260,H.Rept.119-696,8164411000,budget authority,program_level,OBS-LHHS-0146,FALSE,,SRC-CRPT-119HRPT696,374,"Title II, Centers for Disease Control and Prevention -- printed as 'Total, Centers for Disease Control, program level' [Committee Recommendation]",AI-extracted,0.95,auto-validated,https://www.govinfo.gov/app/details/BILLS-119hr9260rh,https://www.govinfo.gov/app/details/CRPT-119hrpt696
OBS-LHHS-0148,ACC-HHS-CDC-TOTAL,2027,President's Budget,N/A,PREX 2.8:2027/APP,N/A,6140461000,budget authority,,,FALSE,,SRC-CRPT-119HRPT696,373,"Title II, Centers for Disease Control and Prevention -- printed as 'Total, Centers for Disease Control and Prevention' [FY 2027 Request*]",AI-extracted,0.95,auto-validated,https://www.govinfo.gov/content/pkg/BUDGET-2027-APP/pdf/BUDGET-2027-APP.pdf,N/A
OBS-LHHS-0149,ACC-HHS-CDC-TOTAL,2027,President's Budget,N/A,PREX 2.8:2027/APP,N/A,6345461000,budget authority,program_level,OBS-LHHS-0148,FALSE,,SRC-CRPT-119HRPT696,374,"Title II, Centers for Disease Control and Prevention -- printed as 'Total, Centers for Disease Control, program level' [FY 2027 Request*]",AI-extracted,0.95,auto-validated,https://www.govinfo.gov/content/pkg/BUDGET-2027-APP/pdf/BUDGET-2027-APP.pdf,N/A
OBS-LHHS-0150,ACC-HHS-CMS-MEDICAID,2024,Enacted,N/A,P.L.118-47,N/A,406956850000,budget authority,,,FALSE,,SRC-CRPT-118SRPT207,442,"Title II, Centers for Medicare & Medicaid Services -- printed as 'Total, Grants to States for Medicaid' [2024 appropriation]",text-extracted,0.95,auto-validated,https://www.govinfo.gov/app/details/PLAW-118publ47,N/A
OBS-LHHS-0151,ACC-HHS-CMS-MEDICAID,2024,Enacted,N/A,P.L.118-47,N/A,604537324000,budget authority,program_level_available_this_fiscal_year,OBS-LHHS-0150,FALSE,,SRC-CRPT-118SRPT207,442,"Title II, Centers for Medicare & Medicaid Services -- printed as 'Total, Medicaid program level, available this fiscal year' [2024 appropriation]",text-extracted,0.95,auto-validated,https://www.govinfo.gov/app/details/PLAW-118publ47,N/A
OBS-LHHS-0152,ACC-HHS-CMS-MEDICAID,2024,Enacted,N/A,P.L.118-47,N/A,652537264000,budget authority,appropriated_in_this_bill,OBS-LHHS-0150,FALSE,,SRC-CRPT-118SRPT207,442,"Title II, Centers for Medicare & Medicaid Services -- printed as 'Total, Grants to States for Medicaid, appropriated in this bill' [2024 appropriation]",text-extracted,0.95,auto-validated,https://www.govinfo.gov/app/details/PLAW-118publ47,N/A
OBS-LHHS-0153,ACC-HHS-CMS-MEDICAID,2024,Enacted,N/A,P.L.118-47,N/A,-197580474000,prior_year_advance,,,FALSE,,SRC-CRPT-118SRPT207,442,"Title II, Centers for Medicare & Medicaid Services -- printed as 'Less appropriations provided in prior years' [2024 appropriation]",text-extracted,0.95,auto-validated,https://www.govinfo.gov/app/details/PLAW-118publ47,N/A
OBS-LHHS-0154,ACC-HHS-CMS-MEDICAID,2024,Enacted,N/A,P.L.118-47,N/A,245580414000,advance,,,FALSE,,SRC-CRPT-118SRPT207,442,"Title II, Centers for Medicare & Medicaid Services -- printed as 'New advance, 1st quarter, FY 2026' [2024 appropriation]; advance for FY2025",text-extracted,0.95,auto-validated,https://www.govinfo.gov/app/details/PLAW-118publ47,N/A
OBS-LHHS-0155,ACC-HHS-CMS-MEDICAID,2025,House Reported,House,H.R.9029,H.Rept.118-585,383609399000,budget authority,,,FALSE,,SRC-CRPT-118HRPT585,324,"Title II, Centers for Medicare & Medicaid Services -- printed as 'Total, Grants to States for Medicaid' [Bill]",AI-extracted,0.95,auto-validated,https://www.govinfo.gov/app/details/BILLS-118hr9029rh,https://www.govinfo.gov/app/details/CRPT-118hrpt585
OBS-LHHS-0156,ACC-HHS-CMS-MEDICAID,2025,House Reported,House,H.R.9029,H.Rept.118-585,629189813000,budget authority,program_level_available_this_fiscal_year,OBS-LHHS-0155,FALSE,,SRC-CRPT-118HRPT585,324,"Title II, Centers for Medicare & Medicaid Services -- printed as 'Total, Medicaid program level, available this fiscal year' [Bill]",AI-extracted,0.95,auto-validated,https://www.govinfo.gov/app/details/BILLS-118hr9029rh,https://www.govinfo.gov/app/details/CRPT-118hrpt585
OBS-LHHS-0157,ACC-HHS-CMS-MEDICAID,2025,House Reported,House,H.R.9029,H.Rept.118-585,644673219000,budget authority,appropriated_in_this_bill,OBS-LHHS-0155,FALSE,,SRC-CRPT-118HRPT585,324,"Title II, Centers for Medicare & Medicaid Services -- printed as 'Total, Grants to States for Medicaid, appropriated in this bill' [Bill]",AI-extracted,0.95,auto-validated,https://www.govinfo.gov/app/details/BILLS-118hr9029rh,https://www.govinfo.gov/app/details/CRPT-118hrpt585
OBS-LHHS-0158,ACC-HHS-CMS-MEDICAID,2025,House Reported,House,H.R.9029,H.Rept.118-585,-245580414000,prior_year_advance,,,FALSE,,SRC-CRPT-118HRPT585,324,"Title II, Centers for Medicare & Medicaid Services -- printed as 'Less appropriations provided in prior years.' [Bill]",AI-extracted,0.95,auto-validated,https://www.govinfo.gov/app/details/BILLS-118hr9029rh,https://www.govinfo.gov/app/details/CRPT-118hrpt585
OBS-LHHS-0159,ACC-HHS-CMS-MEDICAID,2025,House Reported,House,H.R.9029,H.Rept.118-585,261063820000,advance,,,FALSE,,SRC-CRPT-118HRPT585,324,"Title II, Centers for Medicare & Medicaid Services -- printed as 'New advance, 1st quarter, FY 2026' [Bill]; advance for FY2026",AI-extracted,0.95,auto-validated,https://www.govinfo.gov/app/details/BILLS-118hr9029rh,https://www.govinfo.gov/app/details/CRPT-118hrpt585
OBS-LHHS-0160,ACC-HHS-CMS-MEDICAID,2025,President's Budget,N/A,PREX 2.8:2025/APP,N/A,383609399000,budget authority,,,FALSE,,SRC-CRPT-118SRPT207,442,"Title II, Centers for Medicare & Medicaid Services -- printed as 'Total, Grants to States for Medicaid' [Budget estimate]",text-extracted,0.95,auto-validated,https://www.govinfo.gov/content/pkg/BUDGET-2025-APP/pdf/BUDGET-2025-APP.pdf,N/A
OBS-LHHS-0161,ACC-HHS-CMS-MEDICAID,2025,President's Budget,N/A,PREX 2.8:2025/APP,N/A,629189813000,budget authority,program_level_available_this_fiscal_year,OBS-LHHS-0160,FALSE,,SRC-CRPT-118SRPT207,442,"Title II, Centers for Medicare & Medicaid Services -- printed as 'Total, Medicaid program level, available this fiscal year' [Budget estimate]",text-extracted,0.95,auto-validated,https://www.govinfo.gov/content/pkg/BUDGET-2025-APP/pdf/BUDGET-2025-APP.pdf,N/A
OBS-LHHS-0162,ACC-HHS-CMS-MEDICAID,2025,President's Budget,N/A,PREX 2.8:2025/APP,N/A,644673219000,budget authority,appropriated_in_this_bill,OBS-LHHS-0160,FALSE,,SRC-CRPT-118SRPT207,442,"Title II, Centers for Medicare & Medicaid Services -- printed as 'Total, Grants to States for Medicaid, appropriated in this bill' [Budget estimate]",text-extracted,0.95,auto-validated,https://www.govinfo.gov/content/pkg/BUDGET-2025-APP/pdf/BUDGET-2025-APP.pdf,N/A
OBS-LHHS-0163,ACC-HHS-CMS-MEDICAID,2025,President's Budget,N/A,PREX 2.8:2025/APP,N/A,-245580414000,prior_year_advance,,,FALSE,,SRC-CRPT-118SRPT207,442,"Title II, Centers for Medicare & Medicaid Services -- printed as 'Less appropriations provided in prior years' [Budget estimate]",text-extracted,0.95,auto-validated,https://www.govinfo.gov/content/pkg/BUDGET-2025-APP/pdf/BUDGET-2025-APP.pdf,N/A
OBS-LHHS-0164,ACC-HHS-CMS-MEDICAID,2025,President's Budget,N/A,PREX 2.8:2025/APP,N/A,261063820000,advance,,,FALSE,,SRC-CRPT-118SRPT207,442,"Title II, Centers for Medicare & Medicaid Services -- printed as 'New advance, 1st quarter, FY 2026' [Budget estimate]; advance for FY2026",text-extracted,0.95,auto-validated,https://www.govinfo.gov/content/pkg/BUDGET-2025-APP/pdf/BUDGET-2025-APP.pdf,N/A
OBS-LHHS-0165,ACC-HHS-CMS-MEDICAID,2025,Senate Reported,Senate,S.4942,S.Rept.118-207,383609399000,budget authority,,,FALSE,,SRC-CRPT-118SRPT207,442,"Title II, Centers for Medicare & Medicaid Services -- printed as 'Total, Grants to States for Medicaid' [Committee recommendation]",text-extracted,0.95,auto-validated,https://www.govinfo.gov/app/details/BILLS-118s4942rs,https://www.govinfo.gov/app/details/CRPT-118srpt207
OBS-LHHS-0166,ACC-HHS-CMS-MEDICAID,2025,Senate Reported,Senate,S.4942,S.Rept.118-207,629189813000,budget authority,program_level_available_this_fiscal_year,OBS-LHHS-0165,FALSE,,SRC-CRPT-118SRPT207,442,"Title II, Centers for Medicare & Medicaid Services -- printed as 'Total, Medicaid program level, available this fiscal year' [Committee recommendation]",text-extracted,0.95,auto-validated,https://www.govinfo.gov/app/details/BILLS-118s4942rs,https://www.govinfo.gov/app/details/CRPT-118srpt207
OBS-LHHS-0167,ACC-HHS-CMS-MEDICAID,2025,Senate Reported,Senate,S.4942,S.Rept.118-207,644673219000,budget authority,appropriated_in_this_bill,OBS-LHHS-0165,FALSE,,SRC-CRPT-118SRPT207,442,"Title II, Centers for Medicare & Medicaid Services -- printed as 'Total, Grants to States for Medicaid, appropriated in this bill' [Committee recommendation]",text-extracted,0.95,auto-validated,https://www.govinfo.gov/app/details/BILLS-118s4942rs,https://www.govinfo.gov/app/details/CRPT-118srpt207
OBS-LHHS-0168,ACC-HHS-CMS-MEDICAID,2025,Senate Reported,Senate,S.4942,S.Rept.118-207,-245580414000,prior_year_advance,,,FALSE,,SRC-CRPT-118SRPT207,442,"Title II, Centers for Medicare & Medicaid Services -- printed as 'Less appropriations provided in prior years' [Committee recommendation]",text-extracted,0.95,auto-validated,https://www.govinfo.gov/app/details/BILLS-118s4942rs,https://www.govinfo.gov/app/details/CRPT-118srpt207
OBS-LHHS-0169,ACC-HHS-CMS-MEDICAID,2025,Senate Reported,Senate,S.4942,S.Rept.118-207,261063820000,advance,,,FALSE,,SRC-CRPT-118SRPT207,442,"Title II, Centers for Medicare & Medicaid Services -- printed as 'New advance, 1st quarter, FY 2026' [Committee recommendation]; advance for FY2026",text-extracted,0.95,auto-validated,https://www.govinfo.gov/app/details/BILLS-118s4942rs,https://www.govinfo.gov/app/details/CRPT-118srpt207
OBS-LHHS-0170,ACC-HHS-CMS-MEDICAID,2026,Enacted,N/A,P.L.119-75,JES_LHHS_P.L.119-75,508148791000,budget authority,,,FALSE,,SRC-EXPL-LHHS-FY2026-ENACTED,289,"Title II, Centers for Medicare & Medicaid Services -- printed as 'Total, Grants to States for Medicaid' [FINAL BILL]",human_entered,0.95,auto-validated,https://www.govinfo.gov/app/details/PLAW-119publ75,https://www.govinfo.gov/app/details/CREC-2026-01-22/CREC-2026-01-22-pt2-PgH1353-2
OBS-LHHS-0171,ACC-HHS-CMS-MEDICAID,2026,Enacted,N/A,P.L.119-75,JES_LHHS_P.L.119-75,769212611000,budget authority,program_level_available_this_fiscal_year,OBS-LHHS-0170,FALSE,,SRC-EXPL-LHHS-FY2026-ENACTED,289,"Title II, Centers for Medicare & Medicaid Services -- printed as 'Total, Medicaid, program level, available this fiscal year' [FINAL BILL]",human_entered,0.95,auto-validated,https://www.govinfo.gov/app/details/PLAW-119publ75,https://www.govinfo.gov/app/details/CREC-2026-01-22/CREC-2026-01-22-pt2-PgH1353-2
OBS-LHHS-0172,ACC-HHS-CMS-MEDICAID,2026,Enacted,N/A,P.L.119-75,JES_LHHS_P.L.119-75,824663516000,budget authority,appropriated_in_this_bill,OBS-LHHS-0170,FALSE,,SRC-EXPL-LHHS-FY2026-ENACTED,289,"Title II, Centers for Medicare & Medicaid Services -- printed as 'Total, Grants to States for Medicaid, appropriated in this bill' [FINAL BILL]",human_entered,0.95,auto-validated,https://www.govinfo.gov/app/details/PLAW-119publ75,https://www.govinfo.gov/app/details/CREC-2026-01-22/CREC-2026-01-22-pt2-PgH1353-2
OBS-LHHS-0173,ACC-HHS-CMS-MEDICAID,2026,Enacted,N/A,P.L.119-75,JES_LHHS_P.L.119-75,316514725000,advance,,,FALSE,,SRC-EXPL-LHHS-FY2026-ENACTED,289,"Title II, Centers for Medicare & Medicaid Services -- printed as 'New advance, 1st quarter, FY 2027' [FINAL BILL]; advance for FY2027",human_entered,0.95,auto-validated,https://www.govinfo.gov/app/details/PLAW-119publ75,https://www.govinfo.gov/app/details/CREC-2026-01-22/CREC-2026-01-22-pt2-PgH1353-2
OBS-LHHS-0174,ACC-HHS-CMS-MEDICAID,2026,Enacted,N/A,P.L.119-75,JES_LHHS_P.L.119-75,-261063820000,prior_year_advance,,,FALSE,,SRC-EXPL-LHHS-FY2026-ENACTED,289,"Title II, Centers for Medicare & Medicaid Services -- printed as 'Less appropriations provided in prior years' [FINAL BILL]",human_entered,0.95,auto-validated,https://www.govinfo.gov/app/details/PLAW-119publ75,https://www.govinfo.gov/app/details/CREC-2026-01-22/CREC-2026-01-22-pt2-PgH1353-2
OBS-LHHS-0175,ACC-HHS-CMS-MEDICAID,2026,House Reported,House,H.R.5304,H.Rept.119-271,508148791000,budget authority,,,FALSE,,SRC-CRPT-119HRPT271,350,"Title II, Centers for Medicare & Medicaid Services -- printed as 'Total, Grants to States for Medicaid' [Bill]",AI-extracted,0.95,auto-validated,https://www.govinfo.gov/app/details/BILLS-119hr5304rh,https://www.govinfo.gov/app/details/CRPT-119hrpt271
OBS-LHHS-0176,ACC-HHS-CMS-MEDICAID,2026,House Reported,House,H.R.5304,H.Rept.119-271,769212611000,budget authority,program_level_available_this_fiscal_year,OBS-LHHS-0175,FALSE,,SRC-CRPT-119HRPT271,350,"Title II, Centers for Medicare & Medicaid Services -- printed as 'Total, Medicaid, program level, available this fiscal year' [Bill]",AI-extracted,0.95,auto-validated,https://www.govinfo.gov/app/details/BILLS-119hr5304rh,https://www.govinfo.gov/app/details/CRPT-119hrpt271
OBS-LHHS-0177,ACC-HHS-CMS-MEDICAID,2026,House Reported,House,H.R.5304,H.Rept.119-271,824663516000,budget authority,appropriated_in_this_bill,OBS-LHHS-0175,FALSE,,SRC-CRPT-119HRPT271,350,"Title II, Centers for Medicare & Medicaid Services -- printed as 'Total, Grants to States for Medicaid, appropriated in this bill' [Bill]",AI-extracted,0.95,auto-validated,https://www.govinfo.gov/app/details/BILLS-119hr5304rh,https://www.govinfo.gov/app/details/CRPT-119hrpt271
OBS-LHHS-0178,ACC-HHS-CMS-MEDICAID,2026,House Reported,House,H.R.5304,H.Rept.119-271,-261063820000,prior_year_advance,,,FALSE,,SRC-CRPT-119HRPT271,350,"Title II, Centers for Medicare & Medicaid Services -- printed as 'Less appropriations provided in prior years.' [Bill]",AI-extracted,0.95,auto-validated,https://www.govinfo.gov/app/details/BILLS-119hr5304rh,https://www.govinfo.gov/app/details/CRPT-119hrpt271
OBS-LHHS-0179,ACC-HHS-CMS-MEDICAID,2026,House Reported,House,H.R.5304,H.Rept.119-271,316514725000,advance,,,FALSE,,SRC-CRPT-119HRPT271,350,"Title II, Centers for Medicare & Medicaid Services -- printed as 'New advance, 1st quarter, FY 2027' [Bill]; advance for FY2027",AI-extracted,0.95,auto-validated,https://www.govinfo.gov/app/details/BILLS-119hr5304rh,https://www.govinfo.gov/app/details/CRPT-119hrpt271
OBS-LHHS-0180,ACC-HHS-CMS-MEDICAID,2026,President's Budget,N/A,PREX 2.8:2026/APP,N/A,508148791000,budget authority,,,FALSE,,SRC-CRPT-119HRPT271,350,"Title II, Centers for Medicare & Medicaid Services -- printed as 'Total, Grants to States for Medicaid' [FY 2026 Request]",AI-extracted,0.95,auto-validated,https://www.govinfo.gov/content/pkg/BUDGET-2026-APP/pdf/BUDGET-2026-APP.pdf,N/A
OBS-LHHS-0181,ACC-HHS-CMS-MEDICAID,2026,President's Budget,N/A,PREX 2.8:2026/APP,N/A,769212611000,budget authority,program_level_available_this_fiscal_year,OBS-LHHS-0180,FALSE,,SRC-CRPT-119HRPT271,350,"Title II, Centers for Medicare & Medicaid Services -- printed as 'Total, Medicaid, program level, available this fiscal year' [FY 2026 Request]",AI-extracted,0.95,auto-validated,https://www.govinfo.gov/content/pkg/BUDGET-2026-APP/pdf/BUDGET-2026-APP.pdf,N/A
OBS-LHHS-0182,ACC-HHS-CMS-MEDICAID,2026,President's Budget,N/A,PREX 2.8:2026/APP,N/A,824663516000,budget authority,appropriated_in_this_bill,OBS-LHHS-0180,FALSE,,SRC-CRPT-119HRPT271,350,"Title II, Centers for Medicare & Medicaid Services -- printed as 'Total, Grants to States for Medicaid, appropriated in this bill' [FY 2026 Request]",AI-extracted,0.95,auto-validated,https://www.govinfo.gov/content/pkg/BUDGET-2026-APP/pdf/BUDGET-2026-APP.pdf,N/A
OBS-LHHS-0183,ACC-HHS-CMS-MEDICAID,2026,President's Budget,N/A,PREX 2.8:2026/APP,N/A,-261063820000,prior_year_advance,,,FALSE,,SRC-CRPT-119HRPT271,350,"Title II, Centers for Medicare & Medicaid Services -- printed as 'Less appropriations provided in prior years.' [FY 2026 Request]",AI-extracted,0.95,auto-validated,https://www.govinfo.gov/content/pkg/BUDGET-2026-APP/pdf/BUDGET-2026-APP.pdf,N/A
OBS-LHHS-0184,ACC-HHS-CMS-MEDICAID,2026,President's Budget,N/A,PREX 2.8:2026/APP,N/A,316514725000,advance,,,FALSE,,SRC-CRPT-119HRPT271,350,"Title II, Centers for Medicare & Medicaid Services -- printed as 'New advance, 1st quarter, FY 2027' [FY 2026 Request]; advance for FY2027",AI-extracted,0.95,auto-validated,https://www.govinfo.gov/content/pkg/BUDGET-2026-APP/pdf/BUDGET-2026-APP.pdf,N/A
OBS-LHHS-0185,ACC-HHS-CMS-MEDICAID,2026,Senate Reported,Senate,S.2587,S.Rept.119-55,508148791000,budget authority,,,FALSE,,SRC-CRPT-119SRPT55,437,"Title II, Centers for Medicare & Medicaid Services -- printed as 'Total, Grants to States for Medicaid' [Committee recommendation]",text-extracted,0.95,auto-validated,https://www.govinfo.gov/app/details/BILLS-119s2587rs,https://www.govinfo.gov/app/details/CRPT-119srpt55
OBS-LHHS-0186,ACC-HHS-CMS-MEDICAID,2026,Senate Reported,Senate,S.2587,S.Rept.119-55,769212611000,budget authority,program_level_available_this_fiscal_year,OBS-LHHS-0185,FALSE,,SRC-CRPT-119SRPT55,436,"Title II, Centers for Medicare & Medicaid Services -- printed as 'Total, Medicaid program level, available this fiscal year' [Committee recommendation]",text-extracted,0.95,auto-validated,https://www.govinfo.gov/app/details/BILLS-119s2587rs,https://www.govinfo.gov/app/details/CRPT-119srpt55
OBS-LHHS-0187,ACC-HHS-CMS-MEDICAID,2026,Senate Reported,Senate,S.2587,S.Rept.119-55,824663516000,budget authority,appropriated_in_this_bill,OBS-LHHS-0185,FALSE,,SRC-CRPT-119SRPT55,437,"Title II, Centers for Medicare & Medicaid Services -- printed as 'Total, Grants to States for Medicaid, appropriated in this bill' [Committee recommendation]",text-extracted,0.95,auto-validated,https://www.govinfo.gov/app/details/BILLS-119s2587rs,https://www.govinfo.gov/app/details/CRPT-119srpt55
OBS-LHHS-0188,ACC-HHS-CMS-MEDICAID,2026,Senate Reported,Senate,S.2587,S.Rept.119-55,-261063820000,prior_year_advance,,,FALSE,,SRC-CRPT-119SRPT55,436,"Title II, Centers for Medicare & Medicaid Services -- printed as 'Less appropriations provided in prior years' [Committee recommendation]",text-extracted,0.95,unverified,https://www.govinfo.gov/app/details/BILLS-119s2587rs,https://www.govinfo.gov/app/details/CRPT-119srpt55
OBS-LHHS-0189,ACC-HHS-CMS-MEDICAID,2026,Senate Reported,Senate,S.2587,S.Rept.119-55,316514725000,advance,,,FALSE,,SRC-CRPT-119SRPT55,437,"Title II, Centers for Medicare & Medicaid Services -- printed as 'New advance, 1st quarter, FY 2027' [Committee recommendation]; advance for FY2027",text-extracted,0.95,unverified,https://www.govinfo.gov/app/details/BILLS-119s2587rs,https://www.govinfo.gov/app/details/CRPT-119srpt55
OBS-LHHS-0190,ACC-HHS-CMS-MEDICAID,2027,House Reported,House,H.R.9260,H.Rept.119-696,468678021000,budget authority,,,FALSE,,SRC-CRPT-119HRPT696,381,"Title II, Centers for Medicare & Medicaid Services -- printed as 'Total, Grants to States for Medicaid' [Committee Recommendation]",AI-extracted,0.95,auto-validated,https://www.govinfo.gov/app/details/BILLS-119hr9260rh,https://www.govinfo.gov/app/details/CRPT-119hrpt696
OBS-LHHS-0191,ACC-HHS-CMS-MEDICAID,2027,House Reported,House,H.R.9260,H.Rept.119-696,785192746000,budget authority,program_level_available_this_fiscal_year,OBS-LHHS-0190,FALSE,,SRC-CRPT-119HRPT696,380,"Title II, Centers for Medicare & Medicaid Services -- printed as 'Total, Medicaid, program level, available this fiscal year' [Committee Recommendation]",AI-extracted,0.95,auto-validated,https://www.govinfo.gov/app/details/BILLS-119hr9260rh,https://www.govinfo.gov/app/details/CRPT-119hrpt696
OBS-LHHS-0192,ACC-HHS-CMS-MEDICAID,2027,House Reported,House,H.R.9260,H.Rept.119-696,789883296000,budget authority,appropriated_in_this_bill,OBS-LHHS-0190,FALSE,,SRC-CRPT-119HRPT696,381,"Title II, Centers for Medicare & Medicaid Services -- printed as 'Total, Grants to States for Medicaid, appropriated in this bill' [Committee Recommendation]",AI-extracted,0.95,auto-validated,https://www.govinfo.gov/app/details/BILLS-119hr9260rh,https://www.govinfo.gov/app/details/CRPT-119hrpt696
OBS-LHHS-0193,ACC-HHS-CMS-MEDICAID,2027,House Reported,House,H.R.9260,H.Rept.119-696,-316514725000,prior_year_advance,,,FALSE,,SRC-CRPT-119HRPT696,381,"Title II, Centers for Medicare & Medicaid Services -- printed as 'Less appropriations provided in prior years.' [Committee Recommendation]",AI-extracted,0.95,auto-validated,https://www.govinfo.gov/app/details/BILLS-119hr9260rh,https://www.govinfo.gov/app/details/CRPT-119hrpt696
OBS-LHHS-0194,ACC-HHS-CMS-MEDICAID,2027,House Reported,House,H.R.9260,H.Rept.119-696,321205275000,advance,,,FALSE,,SRC-CRPT-119HRPT696,381,"Title II, Centers for Medicare & Medicaid Services -- printed as 'New advance, 1st quarter, FY 2028' [Committee Recommendation]; advance for FY2028",AI-extracted,0.95,auto-validated,https://www.govinfo.gov/app/details/BILLS-119hr9260rh,https://www.govinfo.gov/app/details/CRPT-119hrpt696
OBS-LHHS-0195,ACC-HHS-CMS-MEDICAID,2027,President's Budget,N/A,PREX 2.8:2027/APP,N/A,468678021000,budget authority,,,FALSE,,SRC-CRPT-119HRPT696,381,"Title II, Centers for Medicare & Medicaid Services -- printed as 'Total, Grants to States for Medicaid' [FY 2027 Request*]",AI-extracted,0.95,auto-validated,https://www.govinfo.gov/content/pkg/BUDGET-2027-APP/pdf/BUDGET-2027-APP.pdf,N/A
OBS-LHHS-0196,ACC-HHS-CMS-MEDICAID,2027,President's Budget,N/A,PREX 2.8:2027/APP,N/A,785192746000,budget authority,program_level_available_this_fiscal_year,OBS-LHHS-0195,FALSE,,SRC-CRPT-119HRPT696,380,"Title II, Centers for Medicare & Medicaid Services -- printed as 'Total, Medicaid, program level, available this fiscal year' [FY 2027 Request*]",AI-extracted,0.95,auto-validated,https://www.govinfo.gov/content/pkg/BUDGET-2027-APP/pdf/BUDGET-2027-APP.pdf,N/A
OBS-LHHS-0197,ACC-HHS-CMS-MEDICAID,2027,President's Budget,N/A,PREX 2.8:2027/APP,N/A,789883296000,budget authority,appropriated_in_this_bill,OBS-LHHS-0195,FALSE,,SRC-CRPT-119HRPT696,381,"Title II, Centers for Medicare & Medicaid Services -- printed as 'Total, Grants to States for Medicaid, appropriated in this bill' [FY 2027 Request*]",AI-extracted,0.95,auto-validated,https://www.govinfo.gov/content/pkg/BUDGET-2027-APP/pdf/BUDGET-2027-APP.pdf,N/A
OBS-LHHS-0198,ACC-HHS-CMS-MEDICAID,2027,President's Budget,N/A,PREX 2.8:2027/APP,N/A,-316514725000,prior_year_advance,,,FALSE,,SRC-CRPT-119HRPT696,381,"Title II, Centers for Medicare & Medicaid Services -- printed as 'Less appropriations provided in prior years.' [FY 2027 Request*]",AI-extracted,0.95,auto-validated,https://www.govinfo.gov/content/pkg/BUDGET-2027-APP/pdf/BUDGET-2027-APP.pdf,N/A
OBS-LHHS-0199,ACC-HHS-CMS-MEDICAID,2027,President's Budget,N/A,PREX 2.8:2027/APP,N/A,321205275000,advance,,,FALSE,,SRC-CRPT-119HRPT696,381,"Title II, Centers for Medicare & Medicaid Services -- printed as 'New advance, 1st quarter, FY 2028' [FY 2027 Request*]; advance for FY2028",AI-extracted,0.95,auto-validated,https://www.govinfo.gov/content/pkg/BUDGET-2027-APP/pdf/BUDGET-2027-APP.pdf,N/A
OBS-LHHS-0200,ACC-HHS-CMS-PROGRAM-MANAGEMENT,2023,Enacted,N/A,P.L.117-328,N/A,3669744000,budget authority,,,FALSE,,SRC-CRPT-118SRPT84,383,"Title II, Centers for Medicare & Medicaid Services -- printed as 'Total, Program Management' [2023 appropriation]",text-extracted,0.95,auto-validated,https://www.govinfo.gov/app/details/PLAW-117publ328,N/A
OBS-LHHS-0201,ACC-HHS-CMS-PROGRAM-MANAGEMENT,2024,Enacted,N/A,P.L.118-47,N/A,3669744000,budget authority,,,FALSE,,SRC-CRPT-118SRPT207,443,"Title II, Centers for Medicare & Medicaid Services -- printed as 'Total, Program Management' [2024 appropriation]",text-extracted,0.95,auto-validated,https://www.govinfo.gov/app/details/PLAW-118publ47,N/A
OBS-LHHS-0202,ACC-HHS-CMS-PROGRAM-MANAGEMENT,2024,President's Budget,N/A,PREX 2.8:2024/APP,N/A,4550070000,budget authority,,,FALSE,,SRC-CRPT-118SRPT84,383,"Title II, Centers for Medicare & Medicaid Services -- printed as 'Total, Program Management' [Budget estimate]",text-extracted,0.95,auto-validated,https://www.govinfo.gov/content/pkg/BUDGET-2024-APP/pdf/BUDGET-2024-APP.pdf,N/A
OBS-LHHS-0203,ACC-HHS-CMS-PROGRAM-MANAGEMENT,2024,Senate Reported,Senate,S.2624,S.Rept.118-84,3669744000,budget authority,,,FALSE,,SRC-CRPT-118SRPT84,383,"Title II, Centers for Medicare & Medicaid Services -- printed as 'Total, Program Management' [Committee recommendation]",text-extracted,0.95,auto-validated,https://www.govinfo.gov/app/details/BILLS-118s2624rs,https://www.govinfo.gov/app/details/CRPT-118srpt84
OBS-LHHS-0204,ACC-HHS-CMS-PROGRAM-MANAGEMENT,2025,House Reported,House,H.R.9029,H.Rept.118-585,3454690000,budget authority,,,FALSE,,SRC-CRPT-118HRPT585,325,"Title II, Centers for Medicare & Medicaid Services -- printed as 'Total, Program Management' [Bill]",AI-extracted,0.95,auto-validated,https://www.govinfo.gov/app/details/BILLS-118hr9029rh,https://www.govinfo.gov/app/details/CRPT-118hrpt585
OBS-LHHS-0205,ACC-HHS-CMS-PROGRAM-MANAGEMENT,2025,President's Budget,N/A,PREX 2.8:2025/APP,N/A,4329000000,budget authority,,,FALSE,,SRC-CRPT-118SRPT207,443,"Title II, Centers for Medicare & Medicaid Services -- printed as 'Total, Program Management' [Budget estimate]",text-extracted,0.95,auto-validated,https://www.govinfo.gov/content/pkg/BUDGET-2025-APP/pdf/BUDGET-2025-APP.pdf,N/A
OBS-LHHS-0206,ACC-HHS-CMS-PROGRAM-MANAGEMENT,2025,Senate Reported,Senate,S.4942,S.Rept.118-207,3669744000,budget authority,,,FALSE,,SRC-CRPT-118SRPT207,443,"Title II, Centers for Medicare & Medicaid Services -- printed as 'Total, Program Management' [Committee recommendation]",text-extracted,0.95,auto-validated,https://www.govinfo.gov/app/details/BILLS-118s4942rs,https://www.govinfo.gov/app/details/CRPT-118srpt207
OBS-LHHS-0207,ACC-HHS-CMS-PROGRAM-MANAGEMENT,2026,Enacted,N/A,P.L.119-75,JES_LHHS_P.L.119-75,3669744000,budget authority,,,FALSE,,SRC-EXPL-LHHS-FY2026-ENACTED,289,"Title II, Centers for Medicare & Medicaid Services -- printed as 'Total, Program Management' [FINAL BILL]",human_entered,0.95,auto-validated,https://www.govinfo.gov/app/details/PLAW-119publ75,https://www.govinfo.gov/app/details/CREC-2026-01-22/CREC-2026-01-22-pt2-PgH1353-2
OBS-LHHS-0208,ACC-HHS-CMS-PROGRAM-MANAGEMENT,2026,House Reported,House,H.R.5304,H.Rept.119-271,3474391000,budget authority,,,FALSE,,SRC-CRPT-119HRPT271,351,"Title II, Centers for Medicare & Medicaid Services -- printed as 'Total, Program Management' [Bill]",AI-extracted,0.95,auto-validated,https://www.govinfo.gov/app/details/BILLS-119hr5304rh,https://www.govinfo.gov/app/details/CRPT-119hrpt271
OBS-LHHS-0209,ACC-HHS-CMS-PROGRAM-MANAGEMENT,2026,President's Budget,N/A,PREX 2.8:2026/APP,N/A,3464391000,budget authority,,,FALSE,,SRC-CRPT-119HRPT271,351,"Title II, Centers for Medicare & Medicaid Services -- printed as 'Total, Program Management' [FY 2026 Request]",AI-extracted,0.95,auto-validated,https://www.govinfo.gov/content/pkg/BUDGET-2026-APP/pdf/BUDGET-2026-APP.pdf,N/A
OBS-LHHS-0210,ACC-HHS-CMS-PROGRAM-MANAGEMENT,2026,Senate Reported,Senate,S.2587,S.Rept.119-55,3669744000,budget authority,,,FALSE,,SRC-CRPT-119SRPT55,437,"Title II, Centers for Medicare & Medicaid Services -- printed as 'Total, Program Management' [Committee recommendation]",text-extracted,0.95,auto-validated,https://www.govinfo.gov/app/details/BILLS-119s2587rs,https://www.govinfo.gov/app/details/CRPT-119srpt55
OBS-LHHS-0211,ACC-HHS-CMS-PROGRAM-MANAGEMENT,2027,House Reported,House,H.R.9260,H.Rept.119-696,3669744000,budget authority,,,FALSE,,SRC-CRPT-119HRPT696,381,"Title II, Centers for Medicare & Medicaid Services -- printed as 'Total, Program Management' [Committee Recommendation]",AI-extracted,0.95,auto-validated,https://www.govinfo.gov/app/details/BILLS-119hr9260rh,https://www.govinfo.gov/app/details/CRPT-119hrpt696
OBS-LHHS-0212,ACC-HHS-CMS-PROGRAM-MANAGEMENT,2027,President's Budget,N/A,PREX 2.8:2027/APP,N/A,3700493000,budget authority,,,FALSE,,SRC-CRPT-119HRPT696,381,"Title II, Centers for Medicare & Medicaid Services -- printed as 'Total, Program Management' [FY 2027 Request*]",AI-extracted,0.95,auto-validated,https://www.govinfo.gov/content/pkg/BUDGET-2027-APP/pdf/BUDGET-2027-APP.pdf,N/A
OBS-LHHS-0213,ACC-HHS-CMS-TOTAL,2023,Enacted,N/A,P.L.117-328,N/A,1117630308000,budget authority,,,FALSE,,SRC-CRPT-118SRPT84,383,"Title II, Centers for Medicare & Medicaid Services -- printed as 'Total, Centers for Medicare and Medicaid Services' [2023 appropriation]",text-extracted,0.5,auto-validated,https://www.govinfo.gov/app/details/PLAW-117publ328,N/A
OBS-LHHS-0214,ACC-HHS-CMS-TOTAL,2024,Enacted,N/A,P.L.118-47,N/A,1133847008000,budget authority,,,FALSE,,SRC-CRPT-118SRPT207,443,"Title II, Centers for Medicare & Medicaid Services -- printed as 'Total, Centers for Medicare and Medicaid Services' [2024 appropriation]",text-extracted,0.5,auto-validated,https://www.govinfo.gov/app/details/PLAW-118publ47,N/A
OBS-LHHS-0215,ACC-HHS-CMS-TOTAL,2024,President's Budget,N/A,PREX 2.8:2024/APP,N/A,1134749334000,budget authority,,,FALSE,,SRC-CRPT-118SRPT84,383,"Title II, Centers for Medicare & Medicaid Services -- printed as 'Total, Centers for Medicare and Medicaid Services' [Budget estimate]",text-extracted,0.5,auto-validated,https://www.govinfo.gov/content/pkg/BUDGET-2024-APP/pdf/BUDGET-2024-APP.pdf,N/A
OBS-LHHS-0216,ACC-HHS-CMS-TOTAL,2024,Senate Reported,Senate,S.2624,S.Rept.118-84,1133847008000,budget authority,,,FALSE,,SRC-CRPT-118SRPT84,383,"Title II, Centers for Medicare & Medicaid Services -- printed as 'Total, Centers for Medicare and Medicaid Services' [Committee recommendation]",text-extracted,0.5,auto-validated,https://www.govinfo.gov/app/details/BILLS-118s2624rs,https://www.govinfo.gov/app/details/CRPT-118srpt84
OBS-LHHS-0217,ACC-HHS-CMS-TOTAL,2025,House Reported,House,H.R.9029,H.Rept.118-585,1170825909000,budget authority,,,FALSE,,SRC-CRPT-118HRPT585,325,"Title II, Centers for Medicare & Medicaid Services -- printed as 'Total, Centers for Medicare & Medicaid Services' [Bill]",AI-extracted,0.95,auto-validated,https://www.govinfo.gov/app/details/BILLS-118hr9029rh,https://www.govinfo.gov/app/details/CRPT-118hrpt585
OBS-LHHS-0218,ACC-HHS-CMS-TOTAL,2025,President's Budget,N/A,PREX 2.8:2025/APP,N/A,1171700219000,budget authority,,,FALSE,,SRC-CRPT-118SRPT207,443,"Title II, Centers for Medicare & Medicaid Services -- printed as 'Total, Centers for Medicare and Medicaid Services' [Budget estimate]",text-extracted,0.5,auto-validated,https://www.govinfo.gov/content/pkg/BUDGET-2025-APP/pdf/BUDGET-2025-APP.pdf,N/A
OBS-LHHS-0219,ACC-HHS-CMS-TOTAL,2025,Senate Reported,Senate,S.4942,S.Rept.118-207,1171040963000,budget authority,,,FALSE,,SRC-CRPT-118SRPT207,443,"Title II, Centers for Medicare & Medicaid Services -- printed as 'Total, Centers for Medicare and Medicaid Services' [Committee recommendation]",text-extracted,0.5,auto-validated,https://www.govinfo.gov/app/details/BILLS-118s4942rs,https://www.govinfo.gov/app/details/CRPT-118srpt207
OBS-LHHS-0220,ACC-HHS-CMS-TOTAL,2026,Enacted,N/A,P.L.119-75,JES_LHHS_P.L.119-75,1423091260000,budget authority,,,FALSE,,SRC-EXPL-LHHS-FY2026-ENACTED,290,"Title II, Centers for Medicare & Medicaid Services -- printed as 'Total, Centers for Medicare & Medicaid Services' [FINAL BILL]",human_entered,0.95,auto-validated,https://www.govinfo.gov/app/details/PLAW-119publ75,https://www.govinfo.gov/app/details/CREC-2026-01-22/CREC-2026-01-22-pt2-PgH1353-2
OBS-LHHS-0221,ACC-HHS-CMS-TOTAL,2026,House Reported,House,H.R.5304,H.Rept.119-271,1422895907000,budget authority,,,FALSE,,SRC-CRPT-119HRPT271,351,"Title II, Centers for Medicare & Medicaid Services -- printed as 'Total, Centers for Medicare & Medicaid Services' [Bill]",AI-extracted,0.95,auto-validated,https://www.govinfo.gov/app/details/BILLS-119hr5304rh,https://www.govinfo.gov/app/details/CRPT-119hrpt271
OBS-LHHS-0222,ACC-HHS-CMS-TOTAL,2026,President's Budget,N/A,PREX 2.8:2026/APP,N/A,1422885907000,budget authority,,,FALSE,,SRC-CRPT-119HRPT271,351,"Title II, Centers for Medicare & Medicaid Services -- printed as 'Total, Centers for Medicare & Medicaid Services' [FY 2026 Request]",AI-extracted,0.95,auto-validated,https://www.govinfo.gov/content/pkg/BUDGET-2026-APP/pdf/BUDGET-2026-APP.pdf,N/A
OBS-LHHS-0223,ACC-HHS-CMS-TOTAL,2026,Senate Reported,Senate,S.2587,S.Rept.119-55,1423091260000,budget authority,,,FALSE,,SRC-CRPT-119SRPT55,437,"Title II, Centers for Medicare & Medicaid Services -- printed as 'Total, Centers for Medicare and Medicaid Services' [Committee recommendation]",text-extracted,0.5,auto-validated,https://www.govinfo.gov/app/details/BILLS-119s2587rs,https://www.govinfo.gov/app/details/CRPT-119srpt55
OBS-LHHS-0224,ACC-HHS-CMS-TOTAL,2027,House Reported,House,H.R.9260,H.Rept.119-696,1481377040000,budget authority,,,FALSE,,SRC-CRPT-119HRPT696,382,"Title II, Centers for Medicare & Medicaid Services -- printed as 'Total, Centers for Medicare & Medicaid Services' [Committee Recommendation]",AI-extracted,0.95,auto-validated,https://www.govinfo.gov/app/details/BILLS-119hr9260rh,https://www.govinfo.gov/app/details/CRPT-119hrpt696
OBS-LHHS-0225,ACC-HHS-CMS-TOTAL,2027,President's Budget,N/A,PREX 2.8:2027/APP,N/A,1481414789000,budget authority,,,FALSE,,SRC-CRPT-119HRPT696,382,"Title II, Centers for Medicare & Medicaid Services -- printed as 'Total, Centers for Medicare & Medicaid Services' [FY 2027 Request*]",AI-extracted,0.95,auto-validated,https://www.govinfo.gov/content/pkg/BUDGET-2027-APP/pdf/BUDGET-2027-APP.pdf,N/A
OBS-LHHS-0226,ACC-HHS-CMS-TRUST-FUND-PAYMENTS,2023,Enacted,N/A,P.L.117-328,N/A,548130000000,budget authority,,,FALSE,,SRC-CRPT-118SRPT84,383,"Title II, Centers for Medicare & Medicaid Services -- printed as 'Total, Payments to Trust Funds' [2023 appropriation]",text-extracted,0.95,auto-validated,https://www.govinfo.gov/app/details/PLAW-117publ328,N/A
OBS-LHHS-0227,ACC-HHS-CMS-TRUST-FUND-PAYMENTS,2024,Enacted,N/A,P.L.118-47,N/A,476725000000,budget authority,,,FALSE,,SRC-CRPT-118SRPT207,442,"Title II, Centers for Medicare & Medicaid Services -- printed as 'Total, Payments to Trust Funds' [2024 appropriation]",text-extracted,0.95,auto-validated,https://www.govinfo.gov/app/details/PLAW-118publ47,N/A
OBS-LHHS-0228,ACC-HHS-CMS-TRUST-FUND-PAYMENTS,2024,President's Budget,N/A,PREX 2.8:2024/APP,N/A,476725000000,budget authority,,,FALSE,,SRC-CRPT-118SRPT84,383,"Title II, Centers for Medicare & Medicaid Services -- printed as 'Total, Payments to Trust Funds' [Budget estimate]",text-extracted,0.95,unverified,https://www.govinfo.gov/content/pkg/BUDGET-2024-APP/pdf/BUDGET-2024-APP.pdf,N/A
OBS-LHHS-0229,ACC-HHS-CMS-TRUST-FUND-PAYMENTS,2024,Senate Reported,Senate,S.2624,S.Rept.118-84,476725000000,budget authority,,,FALSE,,SRC-CRPT-118SRPT84,383,"Title II, Centers for Medicare & Medicaid Services -- printed as 'Total, Payments to Trust Funds' [Committee recommendation]",text-extracted,0.95,auto-validated,https://www.govinfo.gov/app/details/BILLS-118s2624rs,https://www.govinfo.gov/app/details/CRPT-118srpt84
OBS-LHHS-0230,ACC-HHS-CMS-TRUST-FUND-PAYMENTS,2025,House Reported,House,H.R.9029,H.Rept.118-585,521757000000,budget authority,,,FALSE,,SRC-CRPT-118HRPT585,324,"Title II, Centers for Medicare & Medicaid Services -- printed as 'Total, Payments to Health Care Trust Funds' [Bill]",AI-extracted,0.95,auto-validated,https://www.govinfo.gov/app/details/BILLS-118hr9029rh,https://www.govinfo.gov/app/details/CRPT-118hrpt585
OBS-LHHS-0231,ACC-HHS-CMS-TRUST-FUND-PAYMENTS,2025,President's Budget,N/A,PREX 2.8:2025/APP,N/A,521757000000,budget authority,,,FALSE,,SRC-CRPT-118SRPT207,442,"Title II, Centers for Medicare & Medicaid Services -- printed as 'Total, Payments to Trust Funds' [Budget estimate]",text-extracted,0.95,auto-validated,https://www.govinfo.gov/content/pkg/BUDGET-2025-APP/pdf/BUDGET-2025-APP.pdf,N/A
OBS-LHHS-0232,ACC-HHS-CMS-TRUST-FUND-PAYMENTS,2025,Senate Reported,Senate,S.4942,S.Rept.118-207,521757000000,budget authority,,,FALSE,,SRC-CRPT-118SRPT207,442,"Title II, Centers for Medicare & Medicaid Services -- printed as 'Total, Payments to Trust Funds' [Committee recommendation]",text-extracted,0.95,auto-validated,https://www.govinfo.gov/app/details/BILLS-118s4942rs,https://www.govinfo.gov/app/details/CRPT-118srpt207
OBS-LHHS-0233,ACC-HHS-CMS-TRUST-FUND-PAYMENTS,2026,Enacted,N/A,P.L.119-75,JES_LHHS_P.L.119-75,593817000000,budget authority,,,FALSE,,SRC-EXPL-LHHS-FY2026-ENACTED,289,"Title II, Centers for Medicare & Medicaid Services -- printed as 'Total, Payments to Health Care Trust Funds' [FINAL BILL]",human_entered,0.95,auto-validated,https://www.govinfo.gov/app/details/PLAW-119publ75,https://www.govinfo.gov/app/details/CREC-2026-01-22/CREC-2026-01-22-pt2-PgH1353-2
OBS-LHHS-0234,ACC-HHS-CMS-TRUST-FUND-PAYMENTS,2026,House Reported,House,H.R.5304,H.Rept.119-271,593817000000,budget authority,,,FALSE,,SRC-CRPT-119HRPT271,350,"Title II, Centers for Medicare & Medicaid Services -- printed as 'Total, Payments to Health Care Trust Funds' [Bill]",AI-extracted,0.95,auto-validated,https://www.govinfo.gov/app/details/BILLS-119hr5304rh,https://www.govinfo.gov/app/details/CRPT-119hrpt271
OBS-LHHS-0235,ACC-HHS-CMS-TRUST-FUND-PAYMENTS,2026,President's Budget,N/A,PREX 2.8:2026/APP,N/A,593817000000,budget authority,,,FALSE,,SRC-CRPT-119HRPT271,350,"Title II, Centers for Medicare & Medicaid Services -- printed as 'Total, Payments to Health Care Trust Funds' [FY 2026 Request]",AI-extracted,0.95,auto-validated,https://www.govinfo.gov/content/pkg/BUDGET-2026-APP/pdf/BUDGET-2026-APP.pdf,N/A
OBS-LHHS-0236,ACC-HHS-CMS-TRUST-FUND-PAYMENTS,2026,Senate Reported,Senate,S.2587,S.Rept.119-55,593817000000,budget authority,,,FALSE,,SRC-CRPT-119SRPT55,437,"Title II, Centers for Medicare & Medicaid Services -- printed as 'Total, Payments to Trust Funds' [Committee recommendation]",text-extracted,0.95,unverified,https://www.govinfo.gov/app/details/BILLS-119s2587rs,https://www.govinfo.gov/app/details/CRPT-119srpt55
OBS-LHHS-0237,ACC-HHS-CMS-TRUST-FUND-PAYMENTS,2027,House Reported,House,H.R.9260,H.Rept.119-696,686855000000,budget authority,,,FALSE,,SRC-CRPT-119HRPT696,381,"Title II, Centers for Medicare & Medicaid Services -- printed as 'Total, Payments to Health Care Trust Funds' [Committee Recommendation]",AI-extracted,0.95,auto-validated,https://www.govinfo.gov/app/details/BILLS-119hr9260rh,https://www.govinfo.gov/app/details/CRPT-119hrpt696
OBS-LHHS-0238,ACC-HHS-CMS-TRUST-FUND-PAYMENTS,2027,President's Budget,N/A,PREX 2.8:2027/APP,N/A,686855000000,budget authority,,,FALSE,,SRC-CRPT-119HRPT696,381,"Title II, Centers for Medicare & Medicaid Services -- printed as 'Total, Payments to Health Care Trust Funds' [FY 2027 Request*]",AI-extracted,0.95,auto-validated,https://www.govinfo.gov/content/pkg/BUDGET-2027-APP/pdf/BUDGET-2027-APP.pdf,N/A
OBS-LHHS-0239,ACC-HHS-HRSA-HEALTH-CENTERS,2023,Enacted,N/A,P.L.117-328,N/A,1857772000,budget authority,,,FALSE,,SRC-CRPT-118SRPT84,372,"Title II, Health Resources and Services Administration -- printed as 'Health Centers' [2023 appropriation]",text-extracted,0.95,unverified,https://www.govinfo.gov/app/details/PLAW-117publ328,N/A
OBS-LHHS-0240,ACC-HHS-HRSA-HEALTH-CENTERS,2024,Enacted,N/A,P.L.118-47,N/A,1857772000,budget authority,,,FALSE,,SRC-CRPT-118SRPT207,430,"Title II, Health Resources and Services Administration -- printed as 'Health Centers' [2024 appropriation]",text-extracted,0.95,auto-validated,https://www.govinfo.gov/app/details/PLAW-118publ47,N/A
OBS-LHHS-0241,ACC-HHS-HRSA-HEALTH-CENTERS,2024,President's Budget,N/A,PREX 2.8:2024/APP,N/A,1937772000,budget authority,,,FALSE,,SRC-CRPT-118SRPT84,372,"Title II, Health Resources and Services Administration -- printed as 'Health Centers' [Budget estimate]",text-extracted,0.95,auto-validated,https://www.govinfo.gov/content/pkg/BUDGET-2024-APP/pdf/BUDGET-2024-APP.pdf,N/A
OBS-LHHS-0242,ACC-HHS-HRSA-HEALTH-CENTERS,2024,Senate Reported,Senate,S.2624,S.Rept.118-84,1857772000,budget authority,,,FALSE,,SRC-CRPT-118SRPT84,372,"Title II, Health Resources and Services Administration -- printed as 'Health Centers' [Committee recommendation]",text-extracted,0.95,auto-validated,https://www.govinfo.gov/app/details/BILLS-118s2624rs,https://www.govinfo.gov/app/details/CRPT-118srpt84
OBS-LHHS-0243,ACC-HHS-HRSA-HEALTH-CENTERS,2025,House Reported,House,H.R.9029,H.Rept.118-585,1857772000,budget authority,,,FALSE,,SRC-CRPT-118HRPT585,308,"Title II, Health Resources and Services Administration -- printed as 'Health Centers' [Bill]",AI-extracted,0.95,auto-validated,https://www.govinfo.gov/app/details/BILLS-118hr9029rh,https://www.govinfo.gov/app/details/CRPT-118hrpt585
OBS-LHHS-0244,ACC-HHS-HRSA-HEALTH-CENTERS,2025,President's Budget,N/A,PREX 2.8:2025/APP,N/A,1857772000,budget authority,,,FALSE,,SRC-CRPT-118SRPT207,430,"Title II, Health Resources and Services Administration -- printed as 'Health Centers' [Budget estimate]",text-extracted,0.95,auto-validated,https://www.govinfo.gov/content/pkg/BUDGET-2025-APP/pdf/BUDGET-2025-APP.pdf,N/A
OBS-LHHS-0245,ACC-HHS-HRSA-HEALTH-CENTERS,2025,Senate Reported,Senate,S.4942,S.Rept.118-207,1857772000,budget authority,,,FALSE,,SRC-CRPT-118SRPT207,430,"Title II, Health Resources and Services Administration -- printed as 'Health Centers' [Committee recommendation]",text-extracted,0.95,unverified,https://www.govinfo.gov/app/details/BILLS-118s4942rs,https://www.govinfo.gov/app/details/CRPT-118srpt207
OBS-LHHS-0246,ACC-HHS-HRSA-HEALTH-CENTERS,2026,Enacted,N/A,P.L.119-75,JES_LHHS_P.L.119-75,1857772000,budget authority,,,FALSE,,SRC-EXPL-LHHS-FY2026-ENACTED,281,"Title II, Health Resources and Services Administration -- printed as 'Health Centers' [FINAL BILL]",human_entered,0.95,auto-validated,https://www.govinfo.gov/app/details/PLAW-119publ75,https://www.govinfo.gov/app/details/CREC-2026-01-22/CREC-2026-01-22-pt2-PgH1353-2
OBS-LHHS-0247,ACC-HHS-HRSA-HEALTH-CENTERS,2026,House Reported,House,H.R.5304,H.Rept.119-271,1857772000,budget authority,,,FALSE,,SRC-CRPT-119HRPT271,334,"Title II, Health Resources and Services Administration -- printed as 'Health Centers' [Bill]",AI-extracted,0.95,auto-validated,https://www.govinfo.gov/app/details/BILLS-119hr5304rh,https://www.govinfo.gov/app/details/CRPT-119hrpt271
OBS-LHHS-0248,ACC-HHS-HRSA-HEALTH-CENTERS,2026,President's Budget,N/A,PREX 2.8:2026/APP,N/A,1857772000,budget authority,,,FALSE,,SRC-CRPT-119HRPT271,334,"Title II, Health Resources and Services Administration -- printed as 'Health Centers' [FY 2026 Request]",AI-extracted,0.95,auto-validated,https://www.govinfo.gov/content/pkg/BUDGET-2026-APP/pdf/BUDGET-2026-APP.pdf,N/A
OBS-LHHS-0249,ACC-HHS-HRSA-HEALTH-CENTERS,2026,Senate Reported,Senate,S.2587,S.Rept.119-55,1857772000,budget authority,,,FALSE,,SRC-CRPT-119SRPT55,431,"Title II, Health Resources and Services Administration -- printed as 'Health Centers' [Committee recommendation]",text-extracted,0.95,unverified,https://www.govinfo.gov/app/details/BILLS-119s2587rs,https://www.govinfo.gov/app/details/CRPT-119srpt55
OBS-LHHS-0250,ACC-HHS-HRSA-HEALTH-CENTERS,2027,House Reported,House,H.R.9260,H.Rept.119-696,1857772000,budget authority,,,FALSE,,SRC-CRPT-119HRPT696,365,"Title II, Health Resources and Services Administration -- printed as 'Health Centers' [Committee Recommendation]",AI-extracted,0.95,auto-validated,https://www.govinfo.gov/app/details/BILLS-119hr9260rh,https://www.govinfo.gov/app/details/CRPT-119hrpt696
OBS-LHHS-0251,ACC-HHS-HRSA-HEALTH-CENTERS,2027,President's Budget,N/A,PREX 2.8:2027/APP,N/A,1876772000,budget authority,,,FALSE,,SRC-CRPT-119HRPT696,365,"Title II, Health Resources and Services Administration -- printed as 'Health Centers' [FY 2027 Request*]",AI-extracted,0.95,auto-validated,https://www.govinfo.gov/content/pkg/BUDGET-2027-APP/pdf/BUDGET-2027-APP.pdf,N/A
OBS-LHHS-0252,ACC-HHS-HRSA-PRIMARY-CARE,2023,Enacted,N/A,P.L.117-328,N/A,1858772000,budget authority,,,FALSE,,SRC-CRPT-118SRPT84,372,"Title II, Health Resources and Services Administration -- printed as 'Total, Primary Health Care' [2023 appropriation]",text-extracted,0.95,auto-validated,https://www.govinfo.gov/app/details/PLAW-117publ328,N/A
OBS-LHHS-0253,ACC-HHS-HRSA-PRIMARY-CARE,2024,Enacted,N/A,P.L.118-47,N/A,1858772000,budget authority,,,FALSE,,SRC-CRPT-118SRPT207,430,"Title II, Health Resources and Services Administration -- printed as 'Total, Primary Health Care' [2024 appropriation]",text-extracted,0.95,auto-validated,https://www.govinfo.gov/app/details/PLAW-118publ47,N/A
OBS-LHHS-0254,ACC-HHS-HRSA-PRIMARY-CARE,2024,President's Budget,N/A,PREX 2.8:2024/APP,N/A,1938772000,budget authority,,,FALSE,,SRC-CRPT-118SRPT84,372,"Title II, Health Resources and Services Administration -- printed as 'Total, Primary Health Care' [Budget estimate]",text-extracted,0.95,auto-validated,https://www.govinfo.gov/content/pkg/BUDGET-2024-APP/pdf/BUDGET-2024-APP.pdf,N/A
OBS-LHHS-0255,ACC-HHS-HRSA-PRIMARY-CARE,2024,Senate Reported,Senate,S.2624,S.Rept.118-84,1858772000,budget authority,,,FALSE,,SRC-CRPT-118SRPT84,372,"Title II, Health Resources and Services Administration -- printed as 'Total, Primary Health Care' [Committee recommendation]",text-extracted,0.95,auto-validated,https://www.govinfo.gov/app/details/BILLS-118s2624rs,https://www.govinfo.gov/app/details/CRPT-118srpt84
OBS-LHHS-0256,ACC-HHS-HRSA-PRIMARY-CARE,2025,House Reported,House,H.R.9029,H.Rept.118-585,1858772000,budget authority,,,FALSE,,SRC-CRPT-118HRPT585,308,"Title II, Health Resources and Services Administration -- printed as 'Total, Primary Health Care' [Bill]",AI-extracted,0.95,auto-validated,https://www.govinfo.gov/app/details/BILLS-118hr9029rh,https://www.govinfo.gov/app/details/CRPT-118hrpt585
OBS-LHHS-0257,ACC-HHS-HRSA-PRIMARY-CARE,2025,President's Budget,N/A,PREX 2.8:2025/APP,N/A,1858772000,budget authority,,,FALSE,,SRC-CRPT-118SRPT207,430,"Title II, Health Resources and Services Administration -- printed as 'Total, Primary Health Care' [Budget estimate]",text-extracted,0.95,auto-validated,https://www.govinfo.gov/content/pkg/BUDGET-2025-APP/pdf/BUDGET-2025-APP.pdf,N/A
OBS-LHHS-0258,ACC-HHS-HRSA-PRIMARY-CARE,2025,Senate Reported,Senate,S.4942,S.Rept.118-207,1858772000,budget authority,,,FALSE,,SRC-CRPT-118SRPT207,430,"Title II, Health Resources and Services Administration -- printed as 'Total, Primary Health Care' [Committee recommendation]",text-extracted,0.95,auto-validated,https://www.govinfo.gov/app/details/BILLS-118s4942rs,https://www.govinfo.gov/app/details/CRPT-118srpt207
OBS-LHHS-0259,ACC-HHS-HRSA-PRIMARY-CARE,2026,Enacted,N/A,P.L.119-75,JES_LHHS_P.L.119-75,1858772000,budget authority,,,FALSE,,SRC-EXPL-LHHS-FY2026-ENACTED,281,"Title II, Health Resources and Services Administration -- printed as 'Total, Primary Health Care' [FINAL BILL]",human_entered,0.95,auto-validated,https://www.govinfo.gov/app/details/PLAW-119publ75,https://www.govinfo.gov/app/details/CREC-2026-01-22/CREC-2026-01-22-pt2-PgH1353-2
OBS-LHHS-0260,ACC-HHS-HRSA-PRIMARY-CARE,2026,House Reported,House,H.R.5304,H.Rept.119-271,1858772000,budget authority,,,FALSE,,SRC-CRPT-119HRPT271,334,"Title II, Health Resources and Services Administration -- printed as 'Total, Primary Health Care' [Bill]",AI-extracted,0.95,auto-validated,https://www.govinfo.gov/app/details/BILLS-119hr5304rh,https://www.govinfo.gov/app/details/CRPT-119hrpt271
OBS-LHHS-0261,ACC-HHS-HRSA-PRIMARY-CARE,2026,President's Budget,N/A,PREX 2.8:2026/APP,N/A,1858772000,budget authority,,,FALSE,,SRC-CRPT-119HRPT271,334,"Title II, Health Resources and Services Administration -- printed as 'Total, Primary Health Care' [FY 2026 Request]",AI-extracted,0.95,auto-validated,https://www.govinfo.gov/content/pkg/BUDGET-2026-APP/pdf/BUDGET-2026-APP.pdf,N/A
OBS-LHHS-0262,ACC-HHS-HRSA-PRIMARY-CARE,2026,Senate Reported,Senate,S.2587,S.Rept.119-55,1858772000,budget authority,,,FALSE,,SRC-CRPT-119SRPT55,431,"Title II, Health Resources and Services Administration -- printed as 'Total, Primary Health Care' [Committee recommendation]",text-extracted,0.5,auto-validated,https://www.govinfo.gov/app/details/BILLS-119s2587rs,https://www.govinfo.gov/app/details/CRPT-119srpt55
OBS-LHHS-0263,ACC-HHS-HRSA-PRIMARY-CARE,2027,House Reported,House,H.R.9260,H.Rept.119-696,1858772000,budget authority,,,FALSE,,SRC-CRPT-119HRPT696,365,"Title II, Health Resources and Services Administration -- printed as 'Total, Primary Health Care' [Committee Recommendation]",AI-extracted,0.95,auto-validated,https://www.govinfo.gov/app/details/BILLS-119hr9260rh,https://www.govinfo.gov/app/details/CRPT-119hrpt696
OBS-LHHS-0264,ACC-HHS-HRSA-PRIMARY-CARE,2027,President's Budget,N/A,PREX 2.8:2027/APP,N/A,1877772000,budget authority,,,FALSE,,SRC-CRPT-119HRPT696,365,"Title II, Health Resources and Services Administration -- printed as 'Total, Primary Health Care' [FY 2027 Request*]",AI-extracted,0.95,auto-validated,https://www.govinfo.gov/content/pkg/BUDGET-2027-APP/pdf/BUDGET-2027-APP.pdf,N/A
OBS-LHHS-0265,ACC-HHS-HRSA-TOTAL,2023,Enacted,N/A,P.L.117-328,N/A,9743853000,budget authority,,,FALSE,,SRC-CRPT-118SRPT84,376,"Title II, Health Resources and Services Administration -- printed as 'Total, Health Resources and Services Administration' [2023 appropriation]",text-extracted,0.95,auto-validated,https://www.govinfo.gov/app/details/PLAW-117publ328,N/A
OBS-LHHS-0266,ACC-HHS-HRSA-TOTAL,2024,Enacted,N/A,P.L.118-47,N/A,9171787000,budget authority,,,FALSE,,SRC-CRPT-118SRPT207,434,"Title II, Health Resources and Services Administration -- printed as 'Total, Health Resources and Services Administration' [2024 appropriation]",text-extracted,0.95,auto-validated,https://www.govinfo.gov/app/details/PLAW-118publ47,N/A
OBS-LHHS-0267,ACC-HHS-HRSA-TOTAL,2024,President's Budget,N/A,PREX 2.8:2024/APP,N/A,9466396000,budget authority,,,FALSE,,SRC-CRPT-118SRPT84,376,"Title II, Health Resources and Services Administration -- printed as 'Total, Health Resources and Services Administration' [Budget estimate]",text-extracted,0.95,auto-validated,https://www.govinfo.gov/content/pkg/BUDGET-2024-APP/pdf/BUDGET-2024-APP.pdf,N/A
OBS-LHHS-0268,ACC-HHS-HRSA-TOTAL,2024,Senate Reported,Senate,S.2624,S.Rept.118-84,9138796000,budget authority,,,FALSE,,SRC-CRPT-118SRPT84,376,"Title II, Health Resources and Services Administration -- printed as 'Total, Health Resources and Services Administration' [Committee recommendation]",text-extracted,0.95,auto-validated,https://www.govinfo.gov/app/details/BILLS-118s2624rs,https://www.govinfo.gov/app/details/CRPT-118srpt84
OBS-LHHS-0269,ACC-HHS-HRSA-TOTAL,2025,House Reported,House,H.R.9029,H.Rept.118-585,7638837000,budget authority,,,FALSE,,SRC-CRPT-118HRPT585,313,"Title II, Health Resources and Services Administration -- printed as 'Total, Health Resources and Services Administration' [Bill]",AI-extracted,0.95,auto-validated,https://www.govinfo.gov/app/details/BILLS-118hr9029rh,https://www.govinfo.gov/app/details/CRPT-118hrpt585
OBS-LHHS-0270,ACC-HHS-HRSA-TOTAL,2025,President's Budget,N/A,PREX 2.8:2025/APP,N/A,8530564000,budget authority,,,FALSE,,SRC-CRPT-118SRPT207,434,"Title II, Health Resources and Services Administration -- printed as 'Total, Health Resources and Services Administration' [Budget estimate]",text-extracted,0.95,auto-validated,https://www.govinfo.gov/content/pkg/BUDGET-2025-APP/pdf/BUDGET-2025-APP.pdf,N/A
OBS-LHHS-0271,ACC-HHS-HRSA-TOTAL,2025,Senate Reported,Senate,S.4942,S.Rept.118-207,9211356000,budget authority,,,FALSE,,SRC-CRPT-118SRPT207,434,"Title II, Health Resources and Services Administration -- printed as 'Total, Health Resources and Services Administration' [Committee recommendation]",text-extracted,0.95,auto-validated,https://www.govinfo.gov/app/details/BILLS-118s4942rs,https://www.govinfo.gov/app/details/CRPT-118srpt207
OBS-LHHS-0272,ACC-HHS-HRSA-TOTAL,2026,Enacted,N/A,P.L.119-75,JES_LHHS_P.L.119-75,9220107000,budget authority,,,FALSE,,SRC-EXPL-LHHS-FY2026-ENACTED,284,"Title II, Health Resources and Services Administration -- printed as 'Total, Health Resources and Services Administration' [FINAL BILL]",human_entered,0.95,auto-validated,https://www.govinfo.gov/app/details/PLAW-119publ75,https://www.govinfo.gov/app/details/CREC-2026-01-22/CREC-2026-01-22-pt2-PgH1353-2
OBS-LHHS-0273,ACC-HHS-HRSA-TOTAL,2026,House Reported,House,H.R.5304,H.Rept.119-271,7405460000,budget authority,,,FALSE,,SRC-CRPT-119HRPT271,340,"Title II, Health Resources and Services Administration -- printed as 'Total, Health Resources and Services Administration' [Bill]",AI-extracted,0.95,auto-validated,https://www.govinfo.gov/app/details/BILLS-119hr5304rh,https://www.govinfo.gov/app/details/CRPT-119hrpt271
OBS-LHHS-0274,ACC-HHS-HRSA-TOTAL,2026,President's Budget,N/A,PREX 2.8:2026/APP,N/A,6371802000,budget authority,,,FALSE,,SRC-CRPT-119HRPT271,340,"Title II, Health Resources and Services Administration -- printed as 'Total, Health Resources and Services Administration' [FY 2026 Request]",AI-extracted,0.95,auto-validated,https://www.govinfo.gov/content/pkg/BUDGET-2026-APP/pdf/BUDGET-2026-APP.pdf,N/A
OBS-LHHS-0275,ACC-HHS-HRSA-TOTAL,2026,Senate Reported,Senate,S.2587,S.Rept.119-55,9133562000,budget authority,,,FALSE,,SRC-CRPT-119SRPT55,433,"Title II, Health Resources and Services Administration -- printed as 'Total, Health Resources and Services Administration' [Committee recommendation]",text-extracted,0.5,auto-validated,https://www.govinfo.gov/app/details/BILLS-119s2587rs,https://www.govinfo.gov/app/details/CRPT-119srpt55
OBS-LHHS-0276,ACC-HHS-HRSA-TOTAL,2027,House Reported,House,H.R.9260,H.Rept.119-696,8346949000,budget authority,,,FALSE,,SRC-CRPT-119HRPT696,371,"Title II, Health Resources and Services Administration -- printed as 'Total, Health Resources and Services Administration' [Committee Recommendation]",AI-extracted,0.95,auto-validated,https://www.govinfo.gov/app/details/BILLS-119hr9260rh,https://www.govinfo.gov/app/details/CRPT-119hrpt696
OBS-LHHS-0277,ACC-HHS-HRSA-TOTAL,2027,President's Budget,N/A,PREX 2.8:2027/APP,N/A,6485001000,budget authority,,,FALSE,,SRC-CRPT-119HRPT696,371,"Title II, Health Resources and Services Administration -- printed as 'Total, Health Resources and Services Administration' [FY 2027 Request*]",AI-extracted,0.95,auto-validated,https://www.govinfo.gov/content/pkg/BUDGET-2027-APP/pdf/BUDGET-2027-APP.pdf,N/A
OBS-LHHS-0278,ACC-HHS-HRSA-VICTF,2023,Enacted,N/A,P.L.117-328,N/A,271570000,budget authority,,,FALSE,,SRC-CRPT-118SRPT84,376,"Title II, Health Resources and Services Administration -- printed as 'Total, Vaccine Injury Compensation Trust Fund' [2023 appropriation]",text-extracted,0.95,auto-validated,https://www.govinfo.gov/app/details/PLAW-117publ328,N/A
OBS-LHHS-0279,ACC-HHS-HRSA-VICTF,2024,Enacted,N/A,P.L.118-47,N/A,276697000,budget authority,,,FALSE,,SRC-CRPT-118SRPT207,434,"Title II, Health Resources and Services Administration -- printed as 'Total, Vaccine Injury Compensation Trust Fund' [2024 appropriation]",text-extracted,0.95,auto-validated,https://www.govinfo.gov/app/details/PLAW-118publ47,N/A
OBS-LHHS-0280,ACC-HHS-HRSA-VICTF,2024,President's Budget,N/A,PREX 2.8:2024/APP,N/A,287697000,budget authority,,,FALSE,,SRC-CRPT-118SRPT84,376,"Title II, Health Resources and Services Administration -- printed as 'Total, Vaccine Injury Compensation Trust Fund' [Budget estimate]",text-extracted,0.95,auto-validated,https://www.govinfo.gov/content/pkg/BUDGET-2024-APP/pdf/BUDGET-2024-APP.pdf,N/A
OBS-LHHS-0281,ACC-HHS-HRSA-VICTF,2024,Senate Reported,Senate,S.2624,S.Rept.118-84,276697000,budget authority,,,FALSE,,SRC-CRPT-118SRPT84,376,"Title II, Health Resources and Services Administration -- printed as 'Total, Vaccine Injury Compensation Trust Fund' [Committee recommendation]",text-extracted,0.95,auto-validated,https://www.govinfo.gov/app/details/BILLS-118s2624rs,https://www.govinfo.gov/app/details/CRPT-118srpt84
OBS-LHHS-0282,ACC-HHS-HRSA-VICTF,2025,House Reported,House,H.R.9029,H.Rept.118-585,282427000,budget authority,,,FALSE,,SRC-CRPT-118HRPT585,313,"Title II, Health Resources and Services Administration -- printed as 'Total, Vaccine Injury Compensation Trust Fund' [Bill]",AI-extracted,0.95,auto-validated,https://www.govinfo.gov/app/details/BILLS-118hr9029rh,https://www.govinfo.gov/app/details/CRPT-118hrpt585
OBS-LHHS-0283,ACC-HHS-HRSA-VICTF,2025,President's Budget,N/A,PREX 2.8:2025/APP,N/A,286927000,budget authority,,,FALSE,,SRC-CRPT-118SRPT207,434,"Title II, Health Resources and Services Administration -- printed as 'Total, Vaccine Injury Compensation Trust Fund' [Budget estimate]",text-extracted,0.95,auto-validated,https://www.govinfo.gov/content/pkg/BUDGET-2025-APP/pdf/BUDGET-2025-APP.pdf,N/A
OBS-LHHS-0284,ACC-HHS-HRSA-VICTF,2025,Senate Reported,Senate,S.4942,S.Rept.118-207,281927000,budget authority,,,FALSE,,SRC-CRPT-118SRPT207,434,"Title II, Health Resources and Services Administration -- printed as 'Total, Vaccine Injury Compensation Trust Fund' [Committee recommendation]",text-extracted,0.95,auto-validated,https://www.govinfo.gov/app/details/BILLS-118s4942rs,https://www.govinfo.gov/app/details/CRPT-118srpt207
OBS-LHHS-0285,ACC-HHS-HRSA-VICTF,2026,Enacted,N/A,P.L.119-75,JES_LHHS_P.L.119-75,287262000,budget authority,,,FALSE,,SRC-EXPL-LHHS-FY2026-ENACTED,284,"Title II, Health Resources and Services Administration -- printed as 'Total, Vaccine Injury Compensation Trust Fund' [FINAL BILL]",human_entered,0.95,auto-validated,https://www.govinfo.gov/app/details/PLAW-119publ75,https://www.govinfo.gov/app/details/CREC-2026-01-22/CREC-2026-01-22-pt2-PgH1353-2
OBS-LHHS-0286,ACC-HHS-HRSA-VICTF,2026,House Reported,House,H.R.5304,H.Rept.119-271,287262000,budget authority,,,FALSE,,SRC-CRPT-119HRPT271,340,"Title II, Health Resources and Services Administration -- printed as 'Total, Vaccine Injury Compensation Trust Fund' [Bill]",AI-extracted,0.95,auto-validated,https://www.govinfo.gov/app/details/BILLS-119hr5304rh,https://www.govinfo.gov/app/details/CRPT-119hrpt271
OBS-LHHS-0287,ACC-HHS-HRSA-VICTF,2026,President's Budget,N/A,PREX 2.8:2026/APP,N/A,287262000,budget authority,,,FALSE,,SRC-CRPT-119HRPT271,340,"Title II, Health Resources and Services Administration -- printed as 'Total, Vaccine Injury Compensation Trust Fund' [FY 2026 Request]",AI-extracted,0.95,auto-validated,https://www.govinfo.gov/content/pkg/BUDGET-2026-APP/pdf/BUDGET-2026-APP.pdf,N/A
OBS-LHHS-0288,ACC-HHS-HRSA-VICTF,2026,Senate Reported,Senate,S.2587,S.Rept.119-55,287262000,budget authority,,,FALSE,,SRC-CRPT-119SRPT55,433,"Title II, Health Resources and Services Administration -- printed as 'Total, Vaccine Injury Compensation Trust Fund' [Committee recommendation]",text-extracted,0.95,unverified,https://www.govinfo.gov/app/details/BILLS-119s2587rs,https://www.govinfo.gov/app/details/CRPT-119srpt55
OBS-LHHS-0289,ACC-HHS-HRSA-VICTF,2027,House Reported,House,H.R.9260,H.Rept.119-696,291878000,budget authority,,,FALSE,,SRC-CRPT-119HRPT696,371,"Title II, Health Resources and Services Administration -- printed as 'Total, Vaccine Injury Compensation Trust Fund' [Committee Recommendation]",AI-extracted,0.95,auto-validated,https://www.govinfo.gov/app/details/BILLS-119hr9260rh,https://www.govinfo.gov/app/details/CRPT-119hrpt696
OBS-LHHS-0290,ACC-HHS-HRSA-VICTF,2027,President's Budget,N/A,PREX 2.8:2027/APP,N/A,291878000,budget authority,,,FALSE,,SRC-CRPT-119HRPT696,371,"Title II, Health Resources and Services Administration -- printed as 'Total, Vaccine Injury Compensation Trust Fund' [FY 2027 Request*]",AI-extracted,0.95,auto-validated,https://www.govinfo.gov/content/pkg/BUDGET-2027-APP/pdf/BUDGET-2027-APP.pdf,N/A
OBS-LHHS-0291,ACC-HHS-NIH-NCI,2023,Enacted,N/A,P.L.117-328,N/A,7104159000,budget authority,,,FALSE,,SRC-CRPT-118SRPT84,378,"Title II, National Institutes of Health -- printed as 'National Cancer Institute (NCI)' [2023 appropriation]",text-extracted,0.5,auto-validated,https://www.govinfo.gov/app/details/PLAW-117publ328,N/A
OBS-LHHS-0292,ACC-HHS-NIH-NCI,2024,Enacted,N/A,P.L.118-47,N/A,7224159000,budget authority,,,FALSE,,SRC-CRPT-118SRPT207,436,"Title II, National Institutes of Health -- printed as 'National Cancer Institute (NCI)' [2024 appropriation]",text-extracted,0.95,auto-validated,https://www.govinfo.gov/app/details/PLAW-118publ47,N/A
OBS-LHHS-0293,ACC-HHS-NIH-NCI,2024,President's Budget,N/A,PREX 2.8:2024/APP,N/A,7820159000,budget authority,,,FALSE,,SRC-CRPT-118SRPT84,378,"Title II, National Institutes of Health -- printed as 'National Cancer Institute (NCI)' [Budget estimate]",text-extracted,0.95,auto-validated,https://www.govinfo.gov/content/pkg/BUDGET-2024-APP/pdf/BUDGET-2024-APP.pdf,N/A
OBS-LHHS-0294,ACC-HHS-NIH-NCI,2024,Senate Reported,Senate,S.2624,S.Rept.118-84,7164159000,budget authority,,,FALSE,,SRC-CRPT-118SRPT84,378,"Title II, National Institutes of Health -- printed as 'National Cancer Institute (NCI)' [Committee recommendation]",text-extracted,0.5,auto-validated,https://www.govinfo.gov/app/details/BILLS-118s2624rs,https://www.govinfo.gov/app/details/CRPT-118srpt84
OBS-LHHS-0295,ACC-HHS-NIH-NCI,2025,House Reported,House,H.R.9029,H.Rept.118-585,7875289000,budget authority,,,FALSE,,SRC-CRPT-118HRPT585,317,"Title II, National Institutes of Health -- printed as 'National Cancer Institute (NCI)' [Bill]",AI-extracted,0.95,auto-validated,https://www.govinfo.gov/app/details/BILLS-118hr9029rh,https://www.govinfo.gov/app/details/CRPT-118hrpt585
OBS-LHHS-0296,ACC-HHS-NIH-NCI,2025,President's Budget,N/A,PREX 2.8:2025/APP,N/A,7839141000,budget authority,,,FALSE,,SRC-CRPT-118SRPT207,436,"Title II, National Institutes of Health -- printed as 'National Cancer Institute (NCI)' [Budget estimate]",text-extracted,0.95,auto-validated,https://www.govinfo.gov/content/pkg/BUDGET-2025-APP/pdf/BUDGET-2025-APP.pdf,N/A
OBS-LHHS-0297,ACC-HHS-NIH-NCI,2025,Senate Reported,Senate,S.4942,S.Rept.118-207,7274159000,budget authority,,,FALSE,,SRC-CRPT-118SRPT207,436,"Title II, National Institutes of Health -- printed as 'National Cancer Institute (NCI)' [Committee recommendation]",text-extracted,0.95,auto-validated,https://www.govinfo.gov/app/details/BILLS-118s4942rs,https://www.govinfo.gov/app/details/CRPT-118srpt207
OBS-LHHS-0298,ACC-HHS-NIH-NCI,2026,Enacted,N/A,P.L.119-75,JES_LHHS_P.L.119-75,7352159000,budget authority,,,FALSE,,SRC-EXPL-LHHS-FY2026-ENACTED,285,"Title II, National Institutes of Health -- printed as 'National Cancer Institute (NCI)' [FINAL BILL]",human_entered,0.95,auto-validated,https://www.govinfo.gov/app/details/PLAW-119publ75,https://www.govinfo.gov/app/details/CREC-2026-01-22/CREC-2026-01-22-pt2-PgH1353-2
OBS-LHHS-0299,ACC-HHS-NIH-NCI,2026,House Reported,House,H.R.5304,H.Rept.119-271,7272159000,budget authority,,,FALSE,,SRC-CRPT-119HRPT271,343,"Title II, National Institutes of Health -- printed as 'National Cancer Institute (NCI)' [Bill]",AI-extracted,0.95,auto-validated,https://www.govinfo.gov/app/details/BILLS-119hr5304rh,https://www.govinfo.gov/app/details/CRPT-119hrpt271
OBS-LHHS-0300,ACC-HHS-NIH-NCI,2026,President's Budget,N/A,PREX 2.8:2026/APP,N/A,4530833000,budget authority,,,FALSE,,SRC-CRPT-119HRPT271,343,"Title II, National Institutes of Health -- printed as 'National Cancer Institute (NCI)' [FY 2026 Request]",AI-extracted,0.95,auto-validated,https://www.govinfo.gov/content/pkg/BUDGET-2026-APP/pdf/BUDGET-2026-APP.pdf,N/A
OBS-LHHS-0301,ACC-HHS-NIH-NCI,2026,Senate Reported,Senate,S.2587,S.Rept.119-55,7374159000,budget authority,,,FALSE,,SRC-CRPT-119SRPT55,434,"Title II, National Institutes of Health -- printed as 'National Cancer Institute (NCI)' [Committee recommendation]",text-extracted,0.95,unverified,https://www.govinfo.gov/app/details/BILLS-119s2587rs,https://www.govinfo.gov/app/details/CRPT-119srpt55
OBS-LHHS-0302,ACC-HHS-NIH-NCI,2027,House Reported,House,H.R.9260,H.Rept.119-696,7462159000,budget authority,,,FALSE,,SRC-CRPT-119HRPT696,374,"Title II, National Institutes of Health -- printed as 'National Cancer Institute (NCI)' [Committee Recommendation]",AI-extracted,0.95,auto-validated,https://www.govinfo.gov/app/details/BILLS-119hr9260rh,https://www.govinfo.gov/app/details/CRPT-119hrpt696
OBS-LHHS-0303,ACC-HHS-NIH-NCI,2027,President's Budget,N/A,PREX 2.8:2027/APP,N/A,7353000000,budget authority,,,FALSE,,SRC-CRPT-119HRPT696,374,"Title II, National Institutes of Health -- printed as 'National Cancer Institute (NCI)' [FY 2027 Request*]",AI-extracted,0.95,auto-validated,https://www.govinfo.gov/content/pkg/BUDGET-2027-APP/pdf/BUDGET-2027-APP.pdf,N/A
OBS-LHHS-0304,ACC-HHS-NIH-TOTAL,2023,Enacted,N/A,P.L.117-328,N/A,47546518000,budget authority,,,FALSE,,SRC-CRPT-118SRPT84,379,"Title II, National Institutes of Health -- printed as 'Total, National Institutes of Health (NIH) with CURES Act funding' [2023 appropriation]",text-extracted,0.5,flagged,https://www.govinfo.gov/app/details/PLAW-117publ328,N/A
OBS-LHHS-0305,ACC-HHS-NIH-TOTAL,2023,Enacted,N/A,P.L.117-328,N/A,48959000000,budget authority,program_level,OBS-LHHS-0304,FALSE,,SRC-CRPT-118SRPT84,379,"Title II, National Institutes of Health -- printed as 'Total, National Institutes of Health program level' [2023 appropriation]",text-extracted,0.95,auto-validated,https://www.govinfo.gov/app/details/PLAW-117publ328,N/A
OBS-LHHS-0306,ACC-HHS-NIH-TOTAL,2023,Enacted,N/A,P.L.117-328,N/A,47459000000,budget authority,program_level_excluding_arpa_h,OBS-LHHS-0304,FALSE,,SRC-CRPT-118SRPT84,379,"Title II, National Institutes of Health -- printed as 'Total, NIH program level (excluding ARPA–H)' [2023 appropriation]",text-extracted,0.95,auto-validated,https://www.govinfo.gov/app/details/PLAW-117publ328,N/A
OBS-LHHS-0307,ACC-HHS-NIH-TOTAL,2023,Enacted,N/A,P.L.117-328,N/A,1085000000,budget authority,CURES,OBS-LHHS-0304,FALSE,,SRC-CRPT-118SRPT84,392,"Title II, National Institutes of Health -- printed as 'CURES Act' [2023 appropriation]",text-extracted,0.95,auto-validated,https://www.govinfo.gov/app/details/PLAW-117publ328,N/A
OBS-LHHS-0308,ACC-HHS-NIH-TOTAL,2024,Enacted,N/A,P.L.118-47,N/A,47168518000,budget authority,,,FALSE,,SRC-CRPT-118SRPT207,439,"Title II, National Institutes of Health -- printed as 'Total, National Institutes of Health (with CURES Act funding)' [2024 appropriation]",text-extracted,0.95,auto-validated,https://www.govinfo.gov/app/details/PLAW-118publ47,N/A
OBS-LHHS-0309,ACC-HHS-NIH-TOTAL,2024,Enacted,N/A,P.L.118-47,N/A,48581000000,budget authority,program_level_with_cures_and_phs_evaluation_act_funding,OBS-LHHS-0308,FALSE,,SRC-CRPT-118SRPT207,439,"Title II, National Institutes of Health -- printed as 'Total, National Institutes of Health, program level (with CURES and PHS Evaluation Act Funding)' [2024 appropriation]",text-extracted,0.95,auto-validated,https://www.govinfo.gov/app/details/PLAW-118publ47,N/A
OBS-LHHS-0310,ACC-HHS-NIH-TOTAL,2024,Enacted,N/A,P.L.118-47,N/A,47081000000,budget authority,program_level_excluding_arpa_h,OBS-LHHS-0308,FALSE,,SRC-CRPT-118SRPT207,439,"Title II, National Institutes of Health -- printed as 'Total, NIH program level (excluding ARPA–H)' [2024 appropriation]",text-extracted,0.95,auto-validated,https://www.govinfo.gov/app/details/PLAW-118publ47,N/A
OBS-LHHS-0311,ACC-HHS-NIH-TOTAL,2024,Enacted,N/A,P.L.118-47,N/A,407000000,budget authority,CURES,OBS-LHHS-0308,FALSE,,SRC-CRPT-118SRPT207,452,"Title II, National Institutes of Health -- printed as 'CURES Act' [2024 appropriation]",text-extracted,0.95,auto-validated,https://www.govinfo.gov/app/details/PLAW-118publ47,N/A
OBS-LHHS-0312,ACC-HHS-NIH-TOTAL,2024,President's Budget,N/A,PREX 2.8:2024/APP,N/A,48821980000,budget authority,,,FALSE,,SRC-CRPT-118SRPT84,379,"Title II, National Institutes of Health -- printed as 'Total, National Institutes of Health (NIH) with CURES Act funding' [Budget estimate]",text-extracted,0.95,auto-validated,https://www.govinfo.gov/content/pkg/BUDGET-2024-APP/pdf/BUDGET-2024-APP.pdf,N/A
OBS-LHHS-0313,ACC-HHS-NIH-TOTAL,2024,President's Budget,N/A,PREX 2.8:2024/APP,N/A,50770089000,budget authority,program_level,OBS-LHHS-0312,FALSE,,SRC-CRPT-118SRPT84,379,"Title II, National Institutes of Health -- printed as 'Total, National Institutes of Health program level' [Budget estimate]",text-extracted,0.95,auto-validated,https://www.govinfo.gov/content/pkg/BUDGET-2024-APP/pdf/BUDGET-2024-APP.pdf,N/A
OBS-LHHS-0314,ACC-HHS-NIH-TOTAL,2024,President's Budget,N/A,PREX 2.8:2024/APP,N/A,48270089000,budget authority,program_level_excluding_arpa_h,OBS-LHHS-0312,FALSE,,SRC-CRPT-118SRPT84,379,"Title II, National Institutes of Health -- printed as 'Total, NIH program level (excluding ARPA–H)' [Budget estimate]",text-extracted,0.95,auto-validated,https://www.govinfo.gov/content/pkg/BUDGET-2024-APP/pdf/BUDGET-2024-APP.pdf,N/A
OBS-LHHS-0315,ACC-HHS-NIH-TOTAL,2024,President's Budget,N/A,PREX 2.8:2024/APP,N/A,407000000,budget authority,CURES,OBS-LHHS-0312,FALSE,,SRC-CRPT-118SRPT84,392,"Title II, National Institutes of Health -- printed as 'CURES Act' [Budget estimate]",text-extracted,0.95,unverified,https://www.govinfo.gov/content/pkg/BUDGET-2024-APP/pdf/BUDGET-2024-APP.pdf,N/A
OBS-LHHS-0316,ACC-HHS-NIH-TOTAL,2024,Senate Reported,Senate,S.2624,S.Rept.118-84,47811518000,budget authority,,,FALSE,,SRC-CRPT-118SRPT84,379,"Title II, National Institutes of Health -- printed as 'Total, National Institutes of Health (NIH) with CURES Act funding' [Committee recommendation]",text-extracted,0.5,flagged,https://www.govinfo.gov/app/details/BILLS-118s2624rs,https://www.govinfo.gov/app/details/CRPT-118srpt84
OBS-LHHS-0317,ACC-HHS-NIH-TOTAL,2024,Senate Reported,Senate,S.2624,S.Rept.118-84,49224000000,budget authority,program_level,OBS-LHHS-0316,FALSE,,SRC-CRPT-118SRPT84,379,"Title II, National Institutes of Health -- printed as 'Total, National Institutes of Health program level' [Committee recommendation]",text-extracted,0.95,auto-validated,https://www.govinfo.gov/app/details/BILLS-118s2624rs,https://www.govinfo.gov/app/details/CRPT-118srpt84
OBS-LHHS-0318,ACC-HHS-NIH-TOTAL,2024,Senate Reported,Senate,S.2624,S.Rept.118-84,47724000000,budget authority,program_level_excluding_arpa_h,OBS-LHHS-0316,FALSE,,SRC-CRPT-118SRPT84,379,"Title II, National Institutes of Health -- printed as 'Total, NIH program level (excluding ARPA–H)' [Committee recommendation]",text-extracted,0.95,auto-validated,https://www.govinfo.gov/app/details/BILLS-118s2624rs,https://www.govinfo.gov/app/details/CRPT-118srpt84
OBS-LHHS-0319,ACC-HHS-NIH-TOTAL,2024,Senate Reported,Senate,S.2624,S.Rept.118-84,407000000,budget authority,CURES,OBS-LHHS-0316,FALSE,,SRC-CRPT-118SRPT84,392,"Title II, National Institutes of Health -- printed as 'CURES Act' [Committee recommendation]",text-extracted,0.95,auto-validated,https://www.govinfo.gov/app/details/BILLS-118s2624rs,https://www.govinfo.gov/app/details/CRPT-118srpt84
OBS-LHHS-0320,ACC-HHS-NIH-TOTAL,2025,House Reported,House,H.R.9029,H.Rept.118-585,47168518000,budget authority,,,FALSE,,SRC-CRPT-118HRPT585,319,"Title II, National Institutes of Health -- printed as 'Total, National Institutes of Health (with CURES Act funding)' [Bill]",AI-extracted,0.95,auto-validated,https://www.govinfo.gov/app/details/BILLS-118hr9029rh,https://www.govinfo.gov/app/details/CRPT-118hrpt585
OBS-LHHS-0321,ACC-HHS-NIH-TOTAL,2025,House Reported,House,H.R.9029,H.Rept.118-585,48581000000,budget authority,program_level_with_cures_and_phs_evaluation_act_funding,OBS-LHHS-0320,FALSE,,SRC-CRPT-118HRPT585,319,"Title II, National Institutes of Health -- printed as 'Total, National Institutes of Health, program level (with CURES and PHS Evaluation Act Funding)' [Bill]",AI-extracted,0.95,auto-validated,https://www.govinfo.gov/app/details/BILLS-118hr9029rh,https://www.govinfo.gov/app/details/CRPT-118hrpt585
OBS-LHHS-0322,ACC-HHS-NIH-TOTAL,2025,House Reported,House,H.R.9029,H.Rept.118-585,48581000000,budget authority,program_level_excluding_arpa_h,OBS-LHHS-0320,FALSE,,SRC-CRPT-118HRPT585,319,"Title II, National Institutes of Health -- printed as 'Total, NIH, program level (excluding ARPA-H)' [Bill]",AI-extracted,0.95,auto-validated,https://www.govinfo.gov/app/details/BILLS-118hr9029rh,https://www.govinfo.gov/app/details/CRPT-118hrpt585
OBS-LHHS-0323,ACC-HHS-NIH-TOTAL,2025,House Reported,House,H.R.9029,H.Rept.118-585,127000000,budget authority,CURES,OBS-LHHS-0320,FALSE,,SRC-CRPT-118HRPT585,339,"Title II, National Institutes of Health -- printed as 'CURES Act' [Bill]",AI-extracted,0.95,auto-validated,https://www.govinfo.gov/app/details/BILLS-118hr9029rh,https://www.govinfo.gov/app/details/CRPT-118hrpt585
OBS-LHHS-0324,ACC-HHS-NIH-TOTAL,2025,President's Budget,N/A,PREX 2.8:2025/APP,N/A,47812000000,budget authority,,,FALSE,,SRC-CRPT-118SRPT207,439,"Title II, National Institutes of Health -- printed as 'Total, National Institutes of Health (with CURES Act funding)' [Budget estimate]",text-extracted,0.95,auto-validated,https://www.govinfo.gov/content/pkg/BUDGET-2025-APP/pdf/BUDGET-2025-APP.pdf,N/A
OBS-LHHS-0325,ACC-HHS-NIH-TOTAL,2025,President's Budget,N/A,PREX 2.8:2025/APP,N/A,49830482000,budget authority,program_level_with_cures_and_phs_evaluation_act_funding,OBS-LHHS-0324,FALSE,,SRC-CRPT-118SRPT207,439,"Title II, National Institutes of Health -- printed as 'Total, National Institutes of Health, program level (with CURES and PHS Evaluation Act Funding)' [Budget estimate]",text-extracted,0.95,auto-validated,https://www.govinfo.gov/content/pkg/BUDGET-2025-APP/pdf/BUDGET-2025-APP.pdf,N/A
OBS-LHHS-0326,ACC-HHS-NIH-TOTAL,2025,President's Budget,N/A,PREX 2.8:2025/APP,N/A,48330482000,budget authority,program_level_excluding_arpa_h,OBS-LHHS-0324,FALSE,,SRC-CRPT-118SRPT207,439,"Title II, National Institutes of Health -- printed as 'Total, NIH program level (excluding ARPA–H)' [Budget estimate]",text-extracted,0.95,auto-validated,https://www.govinfo.gov/content/pkg/BUDGET-2025-APP/pdf/BUDGET-2025-APP.pdf,N/A
OBS-LHHS-0327,ACC-HHS-NIH-TOTAL,2025,President's Budget,N/A,PREX 2.8:2025/APP,N/A,127000000,budget authority,CURES,OBS-LHHS-0324,FALSE,,SRC-CRPT-118SRPT207,452,"Title II, National Institutes of Health -- printed as 'CURES Act' [Budget estimate]",text-extracted,0.95,auto-validated,https://www.govinfo.gov/content/pkg/BUDGET-2025-APP/pdf/BUDGET-2025-APP.pdf,N/A
OBS-LHHS-0328,ACC-HHS-NIH-TOTAL,2025,Senate Reported,Senate,S.4942,S.Rept.118-207,48938518000,budget authority,,,FALSE,,SRC-CRPT-118SRPT207,439,"Title II, National Institutes of Health -- printed as 'Total, National Institutes of Health (with CURES Act funding)' [Committee recommendation]",text-extracted,0.95,auto-validated,https://www.govinfo.gov/app/details/BILLS-118s4942rs,https://www.govinfo.gov/app/details/CRPT-118srpt207
OBS-LHHS-0329,ACC-HHS-NIH-TOTAL,2025,Senate Reported,Senate,S.4942,S.Rept.118-207,50351000000,budget authority,program_level_with_cures_and_phs_evaluation_act_funding,OBS-LHHS-0328,FALSE,,SRC-CRPT-118SRPT207,439,"Title II, National Institutes of Health -- printed as 'Total, National Institutes of Health, program level (with CURES and PHS Evaluation Act Funding)' [Committee recommendation]",text-extracted,0.95,auto-validated,https://www.govinfo.gov/app/details/BILLS-118s4942rs,https://www.govinfo.gov/app/details/CRPT-118srpt207
OBS-LHHS-0330,ACC-HHS-NIH-TOTAL,2025,Senate Reported,Senate,S.4942,S.Rept.118-207,48851000000,budget authority,program_level_excluding_arpa_h,OBS-LHHS-0328,FALSE,,SRC-CRPT-118SRPT207,439,"Title II, National Institutes of Health -- printed as 'Total, NIH program level (excluding ARPA–H)' [Committee recommendation]",text-extracted,0.95,auto-validated,https://www.govinfo.gov/app/details/BILLS-118s4942rs,https://www.govinfo.gov/app/details/CRPT-118srpt207
OBS-LHHS-0331,ACC-HHS-NIH-TOTAL,2025,Senate Reported,Senate,S.4942,S.Rept.118-207,127000000,budget authority,CURES,OBS-LHHS-0328,FALSE,,SRC-CRPT-118SRPT207,452,"Title II, National Institutes of Health -- printed as 'CURES Act' [Committee recommendation]",text-extracted,0.95,auto-validated,https://www.govinfo.gov/app/details/BILLS-118s4942rs,https://www.govinfo.gov/app/details/CRPT-118srpt207
OBS-LHHS-0332,ACC-HHS-NIH-TOTAL,2026,Enacted,N/A,P.L.119-75,JES_LHHS_P.L.119-75,47288518000,budget authority,,,FALSE,,SRC-EXPL-LHHS-FY2026-ENACTED,287,"Title II, National Institutes of Health -- printed as 'Total, National Institutes of Health (with CURES Act funding)' [FINAL BILL]",human_entered,0.95,auto-validated,https://www.govinfo.gov/app/details/PLAW-119publ75,https://www.govinfo.gov/app/details/CREC-2026-01-22/CREC-2026-01-22-pt2-PgH1353-2
OBS-LHHS-0333,ACC-HHS-NIH-TOTAL,2026,Enacted,N/A,P.L.119-75,JES_LHHS_P.L.119-75,48716000000,budget authority,program_level_with_cures_and_phs_evaluation_act_funding,OBS-LHHS-0332,FALSE,,SRC-EXPL-LHHS-FY2026-ENACTED,287,"Title II, National Institutes of Health -- printed as 'Total, National Institutes of Health, program level (with CURES and PHS Evaluation Act Funding)' [FINAL BILL]",human_entered,0.95,auto-validated,https://www.govinfo.gov/app/details/PLAW-119publ75,https://www.govinfo.gov/app/details/CREC-2026-01-22/CREC-2026-01-22-pt2-PgH1353-2
OBS-LHHS-0334,ACC-HHS-NIH-TOTAL,2026,Enacted,N/A,P.L.119-75,JES_LHHS_P.L.119-75,47216000000,budget authority,program_level_excluding_arpa_h,OBS-LHHS-0332,FALSE,,SRC-EXPL-LHHS-FY2026-ENACTED,287,"Title II, National Institutes of Health -- printed as 'Total, NIH, program level (excluding ARPA-H)' [FINAL BILL]",human_entered,0.95,auto-validated,https://www.govinfo.gov/app/details/PLAW-119publ75,https://www.govinfo.gov/app/details/CREC-2026-01-22/CREC-2026-01-22-pt2-PgH1353-2
OBS-LHHS-0335,ACC-HHS-NIH-TOTAL,2026,Enacted,N/A,P.L.119-75,JES_LHHS_P.L.119-75,226000000,budget authority,CURES,OBS-LHHS-0332,FALSE,,SRC-EXPL-LHHS-FY2026-ENACTED,296,"Title II, National Institutes of Health -- printed as 'CURES Act (under the title total)' [FINAL BILL]",human_entered,0.95,auto-validated,https://www.govinfo.gov/app/details/PLAW-119publ75,https://www.govinfo.gov/app/details/CREC-2026-01-22/CREC-2026-01-22-pt2-PgH1353-2
OBS-LHHS-0336,ACC-HHS-NIH-TOTAL,2026,House Reported,House,H.R.5304,H.Rept.119-271,46479998000,budget authority,,,FALSE,,SRC-CRPT-119HRPT271,345,"Title II, National Institutes of Health -- printed as 'Total, National Institutes of Health (with CURES Act funding)' [Bill]",AI-extracted,0.95,auto-validated,https://www.govinfo.gov/app/details/BILLS-119hr5304rh,https://www.govinfo.gov/app/details/CRPT-119hrpt271
OBS-LHHS-0337,ACC-HHS-NIH-TOTAL,2026,House Reported,House,H.R.5304,H.Rept.119-271,47845000000,budget authority,program_level_with_cures_and_phs_evaluation_act_funding,OBS-LHHS-0336,FALSE,,SRC-CRPT-119HRPT271,345,"Title II, National Institutes of Health -- printed as 'Total, National Institutes of Health, program level (with CURES and PHS Evaluation Act Funding)' [Bill]",AI-extracted,0.95,auto-validated,https://www.govinfo.gov/app/details/BILLS-119hr5304rh,https://www.govinfo.gov/app/details/CRPT-119hrpt271
OBS-LHHS-0338,ACC-HHS-NIH-TOTAL,2026,House Reported,House,H.R.5304,H.Rept.119-271,46900000000,budget authority,program_level_excluding_arpa_h,OBS-LHHS-0336,FALSE,,SRC-CRPT-119HRPT271,345,"Title II, National Institutes of Health -- printed as 'Total, NIH, program level (excluding ARPA-H)' [Bill]",AI-extracted,0.95,auto-validated,https://www.govinfo.gov/app/details/BILLS-119hr5304rh,https://www.govinfo.gov/app/details/CRPT-119hrpt271
OBS-LHHS-0339,ACC-HHS-NIH-TOTAL,2026,House Reported,House,H.R.5304,H.Rept.119-271,226000000,budget authority,CURES,OBS-LHHS-0336,FALSE,,SRC-CRPT-119HRPT271,366,"Title II, National Institutes of Health -- printed as 'CURES Act' [Bill]",AI-extracted,0.95,auto-validated,https://www.govinfo.gov/app/details/BILLS-119hr5304rh,https://www.govinfo.gov/app/details/CRPT-119hrpt271
OBS-LHHS-0340,ACC-HHS-NIH-TOTAL,2026,President's Budget,N/A,PREX 2.8:2026/APP,N/A,29045186000,budget authority,,,FALSE,,SRC-CRPT-119HRPT271,345,"Title II, National Institutes of Health -- printed as 'Total, National Institutes of Health (with CURES Act funding)' [FY 2026 Request]",AI-extracted,0.95,auto-validated,https://www.govinfo.gov/content/pkg/BUDGET-2026-APP/pdf/BUDGET-2026-APP.pdf,N/A
OBS-LHHS-0341,ACC-HHS-NIH-TOTAL,2026,President's Budget,N/A,PREX 2.8:2026/APP,N/A,29295186000,budget authority,program_level_with_cures_and_phs_evaluation_act_funding,OBS-LHHS-0340,FALSE,,SRC-CRPT-119HRPT271,345,"Title II, National Institutes of Health -- printed as 'Total, National Institutes of Health, program level (with CURES and PHS Evaluation Act Funding)' [FY 2026 Request]",AI-extracted,0.95,auto-validated,https://www.govinfo.gov/content/pkg/BUDGET-2026-APP/pdf/BUDGET-2026-APP.pdf,N/A
OBS-LHHS-0342,ACC-HHS-NIH-TOTAL,2026,President's Budget,N/A,PREX 2.8:2026/APP,N/A,28350186000,budget authority,program_level_excluding_arpa_h,OBS-LHHS-0340,FALSE,,SRC-CRPT-119HRPT271,345,"Title II, National Institutes of Health -- printed as 'Total, NIH, program level (excluding ARPA-H)' [FY 2026 Request]",AI-extracted,0.95,auto-validated,https://www.govinfo.gov/content/pkg/BUDGET-2026-APP/pdf/BUDGET-2026-APP.pdf,N/A
OBS-LHHS-0343,ACC-HHS-NIH-TOTAL,2026,President's Budget,N/A,PREX 2.8:2026/APP,N/A,226000000,budget authority,CURES,OBS-LHHS-0340,FALSE,,SRC-CRPT-119HRPT271,366,"Title II, National Institutes of Health -- printed as 'CURES Act' [FY 2026 Request]",AI-extracted,0.95,auto-validated,https://www.govinfo.gov/content/pkg/BUDGET-2026-APP/pdf/BUDGET-2026-APP.pdf,N/A
OBS-LHHS-0344,ACC-HHS-NIH-TOTAL,2026,Senate Reported,Senate,S.2587,S.Rept.119-55,47288518000,budget authority,,,FALSE,,SRC-CRPT-119SRPT55,435,"Title II, National Institutes of Health -- printed as 'Total, National Institutes of Health (with CURES Act funding)' [Committee recommendation]",text-extracted,0.5,auto-validated,https://www.govinfo.gov/app/details/BILLS-119s2587rs,https://www.govinfo.gov/app/details/CRPT-119srpt55
OBS-LHHS-0345,ACC-HHS-NIH-TOTAL,2026,Senate Reported,Senate,S.2587,S.Rept.119-55,48701000000,budget authority,program_level_with_cures_and_phs_evaluation_act_funding,OBS-LHHS-0344,FALSE,,SRC-CRPT-119SRPT55,435,"Title II, National Institutes of Health -- printed as 'Total, National Institutes of Health, program level (with CURES and PHS Evaluation Act Funding)' [Committee recommendation]",text-extracted,0.95,auto-validated,https://www.govinfo.gov/app/details/BILLS-119s2587rs,https://www.govinfo.gov/app/details/CRPT-119srpt55
OBS-LHHS-0346,ACC-HHS-NIH-TOTAL,2026,Senate Reported,Senate,S.2587,S.Rept.119-55,226000000,budget authority,CURES,OBS-LHHS-0344,FALSE,,SRC-CRPT-119SRPT55,442,"Title II, National Institutes of Health -- printed as 'CURES Act' [Committee recommendation]",text-extracted,0.95,unverified,https://www.govinfo.gov/app/details/BILLS-119s2587rs,https://www.govinfo.gov/app/details/CRPT-119srpt55
OBS-LHHS-0347,ACC-HHS-NIH-TOTAL,2027,House Reported,House,H.R.9260,H.Rept.119-696,47388518000,budget authority,,,FALSE,,SRC-CRPT-119HRPT696,376,"Title II, National Institutes of Health -- printed as 'Total, National Institutes of Health (with CURES Act funding)' [Committee Recommendation]",AI-extracted,0.95,auto-validated,https://www.govinfo.gov/app/details/BILLS-119hr9260rh,https://www.govinfo.gov/app/details/CRPT-119hrpt696
OBS-LHHS-0348,ACC-HHS-NIH-TOTAL,2027,House Reported,House,H.R.9260,H.Rept.119-696,48816000000,budget authority,program_level_with_cures_and_phs_evaluation_act_funding,OBS-LHHS-0347,FALSE,,SRC-CRPT-119HRPT696,376,"Title II, National Institutes of Health -- printed as 'Total, National Institutes of Health, program level (with CURES and PHS Evaluation Act Funding)' [Committee Recommendation]",AI-extracted,0.95,auto-validated,https://www.govinfo.gov/app/details/BILLS-119hr9260rh,https://www.govinfo.gov/app/details/CRPT-119hrpt696
OBS-LHHS-0349,ACC-HHS-NIH-TOTAL,2027,House Reported,House,H.R.9260,H.Rept.119-696,47316000000,budget authority,program_level_excluding_arpa_h,OBS-LHHS-0347,FALSE,,SRC-CRPT-119HRPT696,376,"Title II, National Institutes of Health -- printed as 'Total, NIH, program level (excluding ARPA-H)' [Committee Recommendation]",AI-extracted,0.95,auto-validated,https://www.govinfo.gov/app/details/BILLS-119hr9260rh,https://www.govinfo.gov/app/details/CRPT-119hrpt696
OBS-LHHS-0350,ACC-HHS-NIH-TOTAL,2027,House Reported,House,H.R.9260,H.Rept.119-696,0,budget authority,CURES,OBS-LHHS-0347,FALSE,,SRC-CRPT-119HRPT696,396,"Title II, National Institutes of Health -- printed as 'CURES Act' [Committee Recommendation]",AI-extracted,0.95,auto-validated,https://www.govinfo.gov/app/details/BILLS-119hr9260rh,https://www.govinfo.gov/app/details/CRPT-119hrpt696
OBS-LHHS-0351,ACC-HHS-NIH-TOTAL,2027,President's Budget,N/A,PREX 2.8:2027/APP,N/A,42707953000,budget authority,,,FALSE,,SRC-CRPT-119HRPT696,376,"Title II, National Institutes of Health -- printed as 'Total, National Institutes of Health (with CURES Act funding)' [FY 2027 Request*]",AI-extracted,0.95,auto-validated,https://www.govinfo.gov/content/pkg/BUDGET-2027-APP/pdf/BUDGET-2027-APP.pdf,N/A
OBS-LHHS-0352,ACC-HHS-NIH-TOTAL,2027,President's Budget,N/A,PREX 2.8:2027/APP,N/A,42967953000,budget authority,program_level_with_cures_and_phs_evaluation_act_funding,OBS-LHHS-0351,FALSE,,SRC-CRPT-119HRPT696,376,"Title II, National Institutes of Health -- printed as 'Total, National Institutes of Health, program level (with CURES and PHS Evaluation Act Funding)' [FY 2027 Request*]",AI-extracted,0.95,auto-validated,https://www.govinfo.gov/content/pkg/BUDGET-2027-APP/pdf/BUDGET-2027-APP.pdf,N/A
OBS-LHHS-0353,ACC-HHS-NIH-TOTAL,2027,President's Budget,N/A,PREX 2.8:2027/APP,N/A,42022953000,budget authority,program_level_excluding_arpa_h,OBS-LHHS-0351,FALSE,,SRC-CRPT-119HRPT696,376,"Title II, National Institutes of Health -- printed as 'Total, NIH, program level (excluding ARPA-H)' [FY 2027 Request*]",AI-extracted,0.95,auto-validated,https://www.govinfo.gov/content/pkg/BUDGET-2027-APP/pdf/BUDGET-2027-APP.pdf,N/A
OBS-LHHS-0354,ACC-HHS-NIH-TOTAL,2027,President's Budget,N/A,PREX 2.8:2027/APP,N/A,0,budget authority,CURES,OBS-LHHS-0351,FALSE,,SRC-CRPT-119HRPT696,396,"Title II, National Institutes of Health -- printed as 'CURES Act' [FY 2027 Request*]",AI-extracted,0.95,auto-validated,https://www.govinfo.gov/content/pkg/BUDGET-2027-APP/pdf/BUDGET-2027-APP.pdf,N/A
OBS-LHHS-0355,ACC-HHS-OS-TOTAL,2023,Enacted,N/A,P.L.117-328,N/A,1708161000,budget authority,,,FALSE,,SRC-CRPT-118SRPT84,392,"Title II, Office of the Secretary -- printed as 'Total, Office of the Secretary' [2023 appropriation]",text-extracted,0.5,auto-validated,https://www.govinfo.gov/app/details/PLAW-117publ328,N/A
OBS-LHHS-0356,ACC-HHS-OS-TOTAL,2024,Enacted,N/A,P.L.118-47,N/A,1761616000,budget authority,,,FALSE,,SRC-CRPT-118SRPT207,452,"Title II, Office of the Secretary -- printed as 'Total, Office of the Secretary' [2024 appropriation]",text-extracted,0.5,auto-validated,https://www.govinfo.gov/app/details/PLAW-118publ47,N/A
OBS-LHHS-0357,ACC-HHS-OS-TOTAL,2024,Enacted,N/A,P.L.118-47,N/A,1895682000,budget authority,program_level,OBS-LHHS-0356,FALSE,,SRC-CRPT-118SRPT207,452,"Title II, Office of the Secretary -- printed as 'Total, Office of the Secretary, program level' [2024 appropriation]",text-extracted,0.95,auto-validated,https://www.govinfo.gov/app/details/PLAW-118publ47,N/A
OBS-LHHS-0358,ACC-HHS-OS-TOTAL,2024,President's Budget,N/A,PREX 2.8:2024/APP,N/A,2096130000,budget authority,,,FALSE,,SRC-CRPT-118SRPT84,392,"Title II, Office of the Secretary -- printed as 'Total, Office of the Secretary' [Budget estimate]",text-extracted,0.5,auto-validated,https://www.govinfo.gov/content/pkg/BUDGET-2024-APP/pdf/BUDGET-2024-APP.pdf,N/A
OBS-LHHS-0359,ACC-HHS-OS-TOTAL,2024,Senate Reported,Senate,S.2624,S.Rept.118-84,1768625000,budget authority,,,FALSE,,SRC-CRPT-118SRPT84,392,"Title II, Office of the Secretary -- printed as 'Total, Office of the Secretary' [Committee recommendation]",text-extracted,0.5,auto-validated,https://www.govinfo.gov/app/details/BILLS-118s2624rs,https://www.govinfo.gov/app/details/CRPT-118srpt84
OBS-LHHS-0360,ACC-HHS-OS-TOTAL,2025,House Reported,House,H.R.9029,H.Rept.118-585,1636729000,budget authority,,,FALSE,,SRC-CRPT-118HRPT585,338,"Title II, Office of the Secretary -- printed as 'Total, Office of the Secretary' [Bill]",AI-extracted,0.95,auto-validated,https://www.govinfo.gov/app/details/BILLS-118hr9029rh,https://www.govinfo.gov/app/details/CRPT-118hrpt585
OBS-LHHS-0361,ACC-HHS-OS-TOTAL,2025,House Reported,House,H.R.9029,H.Rept.118-585,1753995000,budget authority,program_level,OBS-LHHS-0360,FALSE,,SRC-CRPT-118HRPT585,338,"Title II, Office of the Secretary -- printed as 'Total, Office of the Secretary, program level' [Bill]",AI-extracted,0.95,auto-validated,https://www.govinfo.gov/app/details/BILLS-118hr9029rh,https://www.govinfo.gov/app/details/CRPT-118hrpt585
OBS-LHHS-0362,ACC-HHS-OS-TOTAL,2025,President's Budget,N/A,PREX 2.8:2025/APP,N/A,1964409000,budget authority,,,FALSE,,SRC-CRPT-118SRPT207,452,"Title II, Office of the Secretary -- printed as 'Total, Office of the Secretary' [Budget estimate]",text-extracted,0.5,auto-validated,https://www.govinfo.gov/content/pkg/BUDGET-2025-APP/pdf/BUDGET-2025-APP.pdf,N/A
OBS-LHHS-0363,ACC-HHS-OS-TOTAL,2025,President's Budget,N/A,PREX 2.8:2025/APP,N/A,2124903000,budget authority,program_level,OBS-LHHS-0362,FALSE,,SRC-CRPT-118SRPT207,452,"Title II, Office of the Secretary -- printed as 'Total, Office of the Secretary, program level' [Budget estimate]",text-extracted,0.95,auto-validated,https://www.govinfo.gov/content/pkg/BUDGET-2025-APP/pdf/BUDGET-2025-APP.pdf,N/A
OBS-LHHS-0364,ACC-HHS-OS-TOTAL,2025,Senate Reported,Senate,S.4942,S.Rept.118-207,1880729000,budget authority,,,FALSE,,SRC-CRPT-118SRPT207,452,"Title II, Office of the Secretary -- printed as 'Total, Office of the Secretary' [Committee recommendation]",text-extracted,0.5,auto-validated,https://www.govinfo.gov/app/details/BILLS-118s4942rs,https://www.govinfo.gov/app/details/CRPT-118srpt207
OBS-LHHS-0365,ACC-HHS-OS-TOTAL,2025,Senate Reported,Senate,S.4942,S.Rept.118-207,2014795000,budget authority,program_level,OBS-LHHS-0364,FALSE,,SRC-CRPT-118SRPT207,452,"Title II, Office of the Secretary -- printed as 'Total, Office of the Secretary, program level' [Committee recommendation]",text-extracted,0.95,auto-validated,https://www.govinfo.gov/app/details/BILLS-118s4942rs,https://www.govinfo.gov/app/details/CRPT-118srpt207
OBS-LHHS-0366,ACC-HHS-OS-TOTAL,2026,Enacted,N/A,P.L.119-75,JES_LHHS_P.L.119-75,1918646000,budget authority,,,FALSE,,SRC-EXPL-LHHS-FY2026-ENACTED,296,"Title II, Office of the Secretary -- printed as 'Total, Office of the Secretary' [FINAL BILL]",human_entered,0.95,auto-validated,https://www.govinfo.gov/app/details/PLAW-119publ75,https://www.govinfo.gov/app/details/CREC-2026-01-22/CREC-2026-01-22-pt2-PgH1353-2
OBS-LHHS-0367,ACC-HHS-OS-TOTAL,2026,Enacted,N/A,P.L.119-75,JES_LHHS_P.L.119-75,2019337000,budget authority,program_level,OBS-LHHS-0366,FALSE,,SRC-EXPL-LHHS-FY2026-ENACTED,296,"Title II, Office of the Secretary -- printed as 'Total, Office of the Secretary, program level' [FINAL BILL]",human_entered,0.95,auto-validated,https://www.govinfo.gov/app/details/PLAW-119publ75,https://www.govinfo.gov/app/details/CREC-2026-01-22/CREC-2026-01-22-pt2-PgH1353-2
OBS-LHHS-0368,ACC-HHS-OS-TOTAL,2026,House Reported,House,H.R.5304,H.Rept.119-271,1803141000,budget authority,,,FALSE,,SRC-CRPT-119HRPT271,365,"Title II, Office of the Secretary -- printed as 'Total, Office of the Secretary' [Bill]",AI-extracted,0.95,auto-validated,https://www.govinfo.gov/app/details/BILLS-119hr5304rh,https://www.govinfo.gov/app/details/CRPT-119hrpt271
OBS-LHHS-0369,ACC-HHS-OS-TOTAL,2026,House Reported,House,H.R.5304,H.Rept.119-271,1920407000,budget authority,program_level,OBS-LHHS-0368,FALSE,,SRC-CRPT-119HRPT271,365,"Title II, Office of the Secretary -- printed as 'Total, Office of the Secretary, program level' [Bill]",AI-extracted,0.95,auto-validated,https://www.govinfo.gov/app/details/BILLS-119hr5304rh,https://www.govinfo.gov/app/details/CRPT-119hrpt271
OBS-LHHS-0370,ACC-HHS-OS-TOTAL,2026,President's Budget,N/A,PREX 2.8:2026/APP,N/A,2235195000,budget authority,,,FALSE,,SRC-CRPT-119HRPT271,365,"Title II, Office of the Secretary -- printed as 'Total, Office of the Secretary' [FY 2026 Request]",AI-extracted,0.95,auto-validated,https://www.govinfo.gov/content/pkg/BUDGET-2026-APP/pdf/BUDGET-2026-APP.pdf,N/A
OBS-LHHS-0371,ACC-HHS-OS-TOTAL,2026,President's Budget,N/A,PREX 2.8:2026/APP,N/A,2288338000,budget authority,program_level,OBS-LHHS-0370,FALSE,,SRC-CRPT-119HRPT271,365,"Title II, Office of the Secretary -- printed as 'Total, Office of the Secretary, program level' [FY 2026 Request]",AI-extracted,0.95,auto-validated,https://www.govinfo.gov/content/pkg/BUDGET-2026-APP/pdf/BUDGET-2026-APP.pdf,N/A
OBS-LHHS-0372,ACC-HHS-OS-TOTAL,2026,Senate Reported,Senate,S.2587,S.Rept.119-55,1883116000,budget authority,,,FALSE,,SRC-CRPT-119SRPT55,442,"Title II, Office of the Secretary -- printed as 'Total, Office of the Secretary' [Committee recommendation]",text-extracted,0.5,unverified,https://www.govinfo.gov/app/details/BILLS-119s2587rs,https://www.govinfo.gov/app/details/CRPT-119srpt55
OBS-LHHS-0373,ACC-HHS-OS-TOTAL,2026,Senate Reported,Senate,S.2587,S.Rept.119-55,2017182000,budget authority,program_level,OBS-LHHS-0372,FALSE,,SRC-CRPT-119SRPT55,442,"Title II, Office of the Secretary -- printed as 'Total, Office of the Secretary, program level' [Committee recommendation]",text-extracted,0.95,auto-validated,https://www.govinfo.gov/app/details/BILLS-119s2587rs,https://www.govinfo.gov/app/details/CRPT-119srpt55
OBS-LHHS-0374,ACC-HHS-OS-TOTAL,2027,House Reported,House,H.R.9260,H.Rept.119-696,1717767000,budget authority,,,FALSE,,SRC-CRPT-119HRPT696,395,"Title II, Office of the Secretary -- printed as 'Total, Office of the Secretary' [Committee Recommendation]",AI-extracted,0.95,auto-validated,https://www.govinfo.gov/app/details/BILLS-119hr9260rh,https://www.govinfo.gov/app/details/CRPT-119hrpt696
OBS-LHHS-0375,ACC-HHS-OS-TOTAL,2027,House Reported,House,H.R.9260,H.Rept.119-696,1811658000,budget authority,program_level,OBS-LHHS-0374,FALSE,,SRC-CRPT-119HRPT696,395,"Title II, Office of the Secretary -- printed as 'Total, Office of the Secretary, program level' [Committee Recommendation]",AI-extracted,0.95,auto-validated,https://www.govinfo.gov/app/details/BILLS-119hr9260rh,https://www.govinfo.gov/app/details/CRPT-119hrpt696
OBS-LHHS-0376,ACC-HHS-OS-TOTAL,2027,President's Budget,N/A,PREX 2.8:2027/APP,N/A,2070687000,budget authority,,,FALSE,,SRC-CRPT-119HRPT696,395,"Title II, Office of the Secretary -- printed as 'Total, Office of the Secretary' [FY 2027 Request*]",AI-extracted,0.95,auto-validated,https://www.govinfo.gov/content/pkg/BUDGET-2027-APP/pdf/BUDGET-2027-APP.pdf,N/A
OBS-LHHS-0377,ACC-HHS-OS-TOTAL,2027,President's Budget,N/A,PREX 2.8:2027/APP,N/A,2173830000,budget authority,program_level,OBS-LHHS-0376,FALSE,,SRC-CRPT-119HRPT696,395,"Title II, Office of the Secretary -- printed as 'Total, Office of the Secretary, program level' [FY 2027 Request*]",AI-extracted,0.95,auto-validated,https://www.govinfo.gov/content/pkg/BUDGET-2027-APP/pdf/BUDGET-2027-APP.pdf,N/A
OBS-LHHS-0378,ACC-HHS-SAMHSA-TOTAL,2023,Enacted,N/A,P.L.117-328,N/A,7370416000,budget authority,,,FALSE,,SRC-CRPT-118SRPT84,381,"Title II, Substance Abuse and Mental Health Services Administration -- printed as 'Total, SAMHSA' [2023 appropriation]",text-extracted,0.95,auto-validated,https://www.govinfo.gov/app/details/PLAW-117publ328,N/A
OBS-LHHS-0379,ACC-HHS-SAMHSA-TOTAL,2024,Enacted,N/A,P.L.118-47,N/A,7300729000,budget authority,,,FALSE,,SRC-CRPT-118SRPT207,441,"Title II, Substance Abuse and Mental Health Services Administration -- printed as 'Total, SAMHSA' [2024 appropriation]",text-extracted,0.95,auto-validated,https://www.govinfo.gov/app/details/PLAW-118publ47,N/A
OBS-LHHS-0380,ACC-HHS-SAMHSA-TOTAL,2024,Enacted,N/A,P.L.118-47,N/A,7446396000,budget authority,program_level,OBS-LHHS-0379,FALSE,,SRC-CRPT-118SRPT207,441,"Title II, Substance Abuse and Mental Health Services Administration -- printed as 'Total, SAMHSA, program level' [2024 appropriation]",text-extracted,0.95,auto-validated,https://www.govinfo.gov/app/details/PLAW-118publ47,N/A
OBS-LHHS-0381,ACC-HHS-SAMHSA-TOTAL,2024,President's Budget,N/A,PREX 2.8:2024/APP,N/A,10274808000,budget authority,,,FALSE,,SRC-CRPT-118SRPT84,381,"Title II, Substance Abuse and Mental Health Services Administration -- printed as 'Total, SAMHSA' [Budget estimate]",text-extracted,0.95,auto-validated,https://www.govinfo.gov/content/pkg/BUDGET-2024-APP/pdf/BUDGET-2024-APP.pdf,N/A
OBS-LHHS-0382,ACC-HHS-SAMHSA-TOTAL,2024,Senate Reported,Senate,S.2624,S.Rept.118-84,7404601000,budget authority,,,FALSE,,SRC-CRPT-118SRPT84,381,"Title II, Substance Abuse and Mental Health Services Administration -- printed as 'Total, SAMHSA' [Committee recommendation]",text-extracted,0.95,auto-validated,https://www.govinfo.gov/app/details/BILLS-118s2624rs,https://www.govinfo.gov/app/details/CRPT-118srpt84
OBS-LHHS-0383,ACC-HHS-SAMHSA-TOTAL,2025,House Reported,House,H.R.9029,H.Rept.118-585,7398400000,budget authority,,,FALSE,,SRC-CRPT-118HRPT585,322,"Title II, Substance Abuse and Mental Health Services Administration -- printed as 'Total, SAMHSA' [Bill]",AI-extracted,0.95,auto-validated,https://www.govinfo.gov/app/details/BILLS-118hr9029rh,https://www.govinfo.gov/app/details/CRPT-118hrpt585
OBS-LHHS-0384,ACC-HHS-SAMHSA-TOTAL,2025,House Reported,House,H.R.9029,H.Rept.118-585,7542067000,budget authority,program_level,OBS-LHHS-0383,FALSE,,SRC-CRPT-118HRPT585,322,"Title II, Substance Abuse and Mental Health Services Administration -- printed as 'Total, SAMHSA, program level' [Bill]",AI-extracted,0.95,auto-validated,https://www.govinfo.gov/app/details/BILLS-118hr9029rh,https://www.govinfo.gov/app/details/CRPT-118hrpt585
OBS-LHHS-0385,ACC-HHS-SAMHSA-TOTAL,2025,President's Budget,N/A,PREX 2.8:2025/APP,N/A,7569889000,budget authority,,,FALSE,,SRC-CRPT-118SRPT207,441,"Title II, Substance Abuse and Mental Health Services Administration -- printed as 'Total, SAMHSA' [Budget estimate]",text-extracted,0.95,auto-validated,https://www.govinfo.gov/content/pkg/BUDGET-2025-APP/pdf/BUDGET-2025-APP.pdf,N/A
OBS-LHHS-0386,ACC-HHS-SAMHSA-TOTAL,2025,President's Budget,N/A,PREX 2.8:2025/APP,N/A,7715556000,budget authority,program_level,OBS-LHHS-0385,FALSE,,SRC-CRPT-118SRPT207,441,"Title II, Substance Abuse and Mental Health Services Administration -- printed as 'Total, SAMHSA, program level' [Budget estimate]",text-extracted,0.95,auto-validated,https://www.govinfo.gov/content/pkg/BUDGET-2025-APP/pdf/BUDGET-2025-APP.pdf,N/A
OBS-LHHS-0387,ACC-HHS-SAMHSA-TOTAL,2025,Senate Reported,Senate,S.4942,S.Rept.118-207,7471976000,budget authority,,,FALSE,,SRC-CRPT-118SRPT207,441,"Title II, Substance Abuse and Mental Health Services Administration -- printed as 'Total, SAMHSA' [Committee recommendation]",text-extracted,0.95,auto-validated,https://www.govinfo.gov/app/details/BILLS-118s4942rs,https://www.govinfo.gov/app/details/CRPT-118srpt207
OBS-LHHS-0388,ACC-HHS-SAMHSA-TOTAL,2025,Senate Reported,Senate,S.4942,S.Rept.118-207,7617643000,budget authority,program_level,OBS-LHHS-0387,FALSE,,SRC-CRPT-118SRPT207,441,"Title II, Substance Abuse and Mental Health Services Administration -- printed as 'Total, SAMHSA, program level' [Committee recommendation]",text-extracted,0.95,auto-validated,https://www.govinfo.gov/app/details/BILLS-118s4942rs,https://www.govinfo.gov/app/details/CRPT-118srpt207
OBS-LHHS-0389,ACC-HHS-SAMHSA-TOTAL,2026,Enacted,N/A,P.L.119-75,JES_LHHS_P.L.119-75,7293950000,budget authority,,,FALSE,,SRC-EXPL-LHHS-FY2026-ENACTED,288,"Title II, Substance Abuse and Mental Health Services Administration -- printed as 'Total, SAMHSA' [FINAL BILL]",human_entered,0.95,auto-validated,https://www.govinfo.gov/app/details/PLAW-119publ75,https://www.govinfo.gov/app/details/CREC-2026-01-22/CREC-2026-01-22-pt2-PgH1353-2
OBS-LHHS-0390,ACC-HHS-SAMHSA-TOTAL,2026,Enacted,N/A,P.L.119-75,JES_LHHS_P.L.119-75,7439617000,budget authority,program_level,OBS-LHHS-0389,FALSE,,SRC-EXPL-LHHS-FY2026-ENACTED,288,"Title II, Substance Abuse and Mental Health Services Administration -- printed as 'Total, SAMHSA, program level' [FINAL BILL]",human_entered,0.95,auto-validated,https://www.govinfo.gov/app/details/PLAW-119publ75,https://www.govinfo.gov/app/details/CREC-2026-01-22/CREC-2026-01-22-pt2-PgH1353-2
OBS-LHHS-0391,ACC-HHS-SAMHSA-TOTAL,2026,House Reported,House,H.R.5304,H.Rept.119-271,6932188000,budget authority,,,FALSE,,SRC-CRPT-119HRPT271,348,"Title II, Substance Abuse and Mental Health Services Administration -- printed as 'Total, SAMHSA' [Bill]",AI-extracted,0.95,auto-validated,https://www.govinfo.gov/app/details/BILLS-119hr5304rh,https://www.govinfo.gov/app/details/CRPT-119hrpt271
OBS-LHHS-0392,ACC-HHS-SAMHSA-TOTAL,2026,House Reported,House,H.R.5304,H.Rept.119-271,7075855000,budget authority,program_level,OBS-LHHS-0391,FALSE,,SRC-CRPT-119HRPT271,348,"Title II, Substance Abuse and Mental Health Services Administration -- printed as 'Total, SAMHSA, program level' [Bill]",AI-extracted,0.95,auto-validated,https://www.govinfo.gov/app/details/BILLS-119hr5304rh,https://www.govinfo.gov/app/details/CRPT-119hrpt271
OBS-LHHS-0393,ACC-HHS-SAMHSA-TOTAL,2026,President's Budget,N/A,PREX 2.8:2026/APP,N/A,5562611000,budget authority,,,FALSE,,SRC-CRPT-119HRPT271,348,"Title II, Substance Abuse and Mental Health Services Administration -- printed as 'Total, SAMHSA' [FY 2026 Request]",AI-extracted,0.95,auto-validated,https://www.govinfo.gov/content/pkg/BUDGET-2026-APP/pdf/BUDGET-2026-APP.pdf,N/A
OBS-LHHS-0394,ACC-HHS-SAMHSA-TOTAL,2026,President's Budget,N/A,PREX 2.8:2026/APP,N/A,5693278000,budget authority,program_level,OBS-LHHS-0393,FALSE,,SRC-CRPT-119HRPT271,348,"Title II, Substance Abuse and Mental Health Services Administration -- printed as 'Total, SAMHSA, program level' [FY 2026 Request]",AI-extracted,0.95,auto-validated,https://www.govinfo.gov/content/pkg/BUDGET-2026-APP/pdf/BUDGET-2026-APP.pdf,N/A
OBS-LHHS-0395,ACC-HHS-SAMHSA-TOTAL,2026,Senate Reported,Senate,S.2587,S.Rept.119-55,7283250000,budget authority,,,FALSE,,SRC-CRPT-119SRPT55,436,"Title II, Substance Abuse and Mental Health Services Administration -- printed as 'Total, SAMHSA' [Committee recommendation]",text-extracted,0.5,auto-validated,https://www.govinfo.gov/app/details/BILLS-119s2587rs,https://www.govinfo.gov/app/details/CRPT-119srpt55
OBS-LHHS-0396,ACC-HHS-SAMHSA-TOTAL,2026,Senate Reported,Senate,S.2587,S.Rept.119-55,7428917000,budget authority,program_level,OBS-LHHS-0395,FALSE,,SRC-CRPT-119SRPT55,436,"Title II, Substance Abuse and Mental Health Services Administration -- printed as 'Total, SAMHSA, program level' [Committee recommendation]",text-extracted,0.95,auto-validated,https://www.govinfo.gov/app/details/BILLS-119s2587rs,https://www.govinfo.gov/app/details/CRPT-119srpt55
OBS-LHHS-0397,ACC-HHS-SAMHSA-TOTAL,2027,House Reported,House,H.R.9260,H.Rept.119-696,7148608000,budget authority,,,FALSE,,SRC-CRPT-119HRPT696,379,"Title II, Substance Abuse and Mental Health Services Administration -- printed as 'Total, SAMHSA' [Committee Recommendation]",AI-extracted,0.95,auto-validated,https://www.govinfo.gov/app/details/BILLS-119hr9260rh,https://www.govinfo.gov/app/details/CRPT-119hrpt696
OBS-LHHS-0398,ACC-HHS-SAMHSA-TOTAL,2027,House Reported,House,H.R.9260,H.Rept.119-696,7294275000,budget authority,program_level,OBS-LHHS-0397,FALSE,,SRC-CRPT-119HRPT696,379,"Title II, Substance Abuse and Mental Health Services Administration -- printed as 'Total, SAMHSA, program level' [Committee Recommendation]",AI-extracted,0.95,auto-validated,https://www.govinfo.gov/app/details/BILLS-119hr9260rh,https://www.govinfo.gov/app/details/CRPT-119hrpt696
OBS-LHHS-0399,ACC-HHS-SAMHSA-TOTAL,2027,President's Budget,N/A,PREX 2.8:2027/APP,N/A,6552543000,budget authority,,,FALSE,,SRC-CRPT-119HRPT696,379,"Title II, Substance Abuse and Mental Health Services Administration -- printed as 'Total, SAMHSA' [FY 2027 Request*]",AI-extracted,0.95,auto-validated,https://www.govinfo.gov/content/pkg/BUDGET-2027-APP/pdf/BUDGET-2027-APP.pdf,N/A
OBS-LHHS-0400,ACC-HHS-SAMHSA-TOTAL,2027,President's Budget,N/A,PREX 2.8:2027/APP,N/A,6685210000,budget authority,program_level,OBS-LHHS-0399,FALSE,,SRC-CRPT-119HRPT696,379,"Title II, Substance Abuse and Mental Health Services Administration -- printed as 'Total, SAMHSA, program level' [FY 2027 Request*]",AI-extracted,0.95,auto-validated,https://www.govinfo.gov/content/pkg/BUDGET-2027-APP/pdf/BUDGET-2027-APP.pdf,N/A
OBS-LHHS-0401,ACC-HHS-TITLE-II-TOTAL,2023,Enacted,N/A,P.L.117-328,N/A,1250732063000,budget authority,,,FALSE,,SRC-CRPT-118SRPT84,392,"Title II, Department of Health and Human Services -- printed as 'Total, Title II, Department of Health and Human Services' [2023 appropriation]",text-extracted,0.5,flagged,https://www.govinfo.gov/app/details/PLAW-117publ328,N/A
OBS-LHHS-0402,ACC-HHS-TITLE-II-TOTAL,2024,Enacted,N/A,P.L.118-47,N/A,1266562768000,budget authority,,,FALSE,,SRC-CRPT-118SRPT207,452,"Title II, Department of Health and Human Services -- printed as 'Total, Title II, Department of Health and Human Services' [2024 appropriation]",text-extracted,0.5,flagged,https://www.govinfo.gov/app/details/PLAW-118publ47,N/A
OBS-LHHS-0403,ACC-HHS-TITLE-II-TOTAL,2024,Enacted,N/A,P.L.118-47,N/A,117442958000,budget authority,discretionary,OBS-LHHS-0402,FALSE,,SRC-CRPT-118SRPT207,452,"Title II, Department of Health and Human Services -- printed as 'Total, Title II, Department of Health and Human Services discretionary' [2024 appropriation]",text-extracted,0.95,flagged,https://www.govinfo.gov/app/details/PLAW-118publ47,N/A
OBS-LHHS-0404,ACC-HHS-TITLE-II-TOTAL,2024,President's Budget,N/A,PREX 2.8:2024/APP,N/A,1278339772000,budget authority,,,FALSE,,SRC-CRPT-118SRPT84,392,"Title II, Department of Health and Human Services -- printed as 'Total, Title II, Department of Health and Human Services' [Budget estimate]",text-extracted,0.5,flagged,https://www.govinfo.gov/content/pkg/BUDGET-2024-APP/pdf/BUDGET-2024-APP.pdf,N/A
OBS-LHHS-0405,ACC-HHS-TITLE-II-TOTAL,2024,Senate Reported,Senate,S.2624,S.Rept.118-84,1266744593000,budget authority,,,FALSE,,SRC-CRPT-118SRPT84,392,"Title II, Department of Health and Human Services -- printed as 'Total, Title II, Department of Health and Human Services' [Committee recommendation]",text-extracted,0.5,flagged,https://www.govinfo.gov/app/details/BILLS-118s2624rs,https://www.govinfo.gov/app/details/CRPT-118srpt84
OBS-LHHS-0406,ACC-HHS-TITLE-II-TOTAL,2025,House Reported,House,H.R.9029,H.Rept.118-585,1293225058000,budget authority,,,FALSE,,SRC-CRPT-118HRPT585,339,"Title II, Department of Health and Human Services -- printed as 'Total, Title II, Department of Health and Human Services' [Bill]",AI-extracted,0.95,auto-validated,https://www.govinfo.gov/app/details/BILLS-118hr9029rh,https://www.govinfo.gov/app/details/CRPT-118hrpt585
OBS-LHHS-0407,ACC-HHS-TITLE-II-TOTAL,2025,House Reported,House,H.R.9029,H.Rept.118-585,107640959000,budget authority,discretionary,OBS-LHHS-0406,FALSE,,SRC-CRPT-118HRPT585,339,"Title II, Department of Health and Human Services -- printed as 'Total, Title II, Department of Health and Human Services discretionary' [Bill]",AI-extracted,0.95,auto-validated,https://www.govinfo.gov/app/details/BILLS-118hr9029rh,https://www.govinfo.gov/app/details/CRPT-118hrpt585
OBS-LHHS-0408,ACC-HHS-TITLE-II-TOTAL,2025,President's Budget,N/A,PREX 2.8:2025/APP,N/A,1307703770000,budget authority,,,FALSE,,SRC-CRPT-118SRPT207,452,"Title II, Department of Health and Human Services -- printed as 'Total, Title II, Department of Health and Human Services' [Budget estimate]",text-extracted,0.5,flagged,https://www.govinfo.gov/content/pkg/BUDGET-2025-APP/pdf/BUDGET-2025-APP.pdf,N/A
OBS-LHHS-0409,ACC-HHS-TITLE-II-TOTAL,2025,President's Budget,N/A,PREX 2.8:2025/APP,N/A,122119671000,budget authority,discretionary,OBS-LHHS-0408,FALSE,,SRC-CRPT-118SRPT207,452,"Title II, Department of Health and Human Services -- printed as 'Total, Title II, Department of Health and Human Services discretionary' [Budget estimate]",text-extracted,0.95,flagged,https://www.govinfo.gov/content/pkg/BUDGET-2025-APP/pdf/BUDGET-2025-APP.pdf,N/A
OBS-LHHS-0410,ACC-HHS-TITLE-II-TOTAL,2025,Senate Reported,Senate,S.4942,S.Rept.118-207,1308241168000,budget authority,,,FALSE,,SRC-CRPT-118SRPT207,452,"Title II, Department of Health and Human Services -- printed as 'Total, Title II, Department of Health and Human Services' [Committee recommendation]",text-extracted,0.5,flagged,https://www.govinfo.gov/app/details/BILLS-118s4942rs,https://www.govinfo.gov/app/details/CRPT-118srpt207
OBS-LHHS-0411,ACC-HHS-TITLE-II-TOTAL,2025,Senate Reported,Senate,S.4942,S.Rept.118-207,122557069000,budget authority,discretionary,OBS-LHHS-0410,FALSE,,SRC-CRPT-118SRPT207,452,"Title II, Department of Health and Human Services -- printed as 'Total, Title II, Department of Health and Human Services discretionary' [Committee recommendation]",text-extracted,0.95,auto-validated,https://www.govinfo.gov/app/details/BILLS-118s4942rs,https://www.govinfo.gov/app/details/CRPT-118srpt207
OBS-LHHS-0412,ACC-HHS-TITLE-II-TOTAL,2026,Enacted,N/A,P.L.119-75,JES_LHHS_P.L.119-75,1553262357000,budget authority,,,FALSE,,SRC-EXPL-LHHS-FY2026-ENACTED,296,"Title II, Department of Health and Human Services -- printed as 'Total, Title II, Department of Health and Human Services' [FINAL BILL]",human_entered,0.95,auto-validated,https://www.govinfo.gov/app/details/PLAW-119publ75,https://www.govinfo.gov/app/details/CREC-2026-01-22/CREC-2026-01-22-pt2-PgH1353-2
OBS-LHHS-0413,ACC-HHS-TITLE-II-TOTAL,2026,Enacted,N/A,P.L.119-75,JES_LHHS_P.L.119-75,114797239000,budget authority,discretionary,OBS-LHHS-0412,FALSE,,SRC-EXPL-LHHS-FY2026-ENACTED,296,"Title II, Department of Health and Human Services -- printed as 'Total, Title II, Department of Health and Human Services discretionary' [FINAL BILL]",human_entered,0.95,auto-validated,https://www.govinfo.gov/app/details/PLAW-119publ75,https://www.govinfo.gov/app/details/CREC-2026-01-22/CREC-2026-01-22-pt2-PgH1353-2
OBS-LHHS-0414,ACC-HHS-TITLE-II-TOTAL,2026,House Reported,House,H.R.5304,H.Rept.119-271,1546531981000,budget authority,,,FALSE,,SRC-CRPT-119HRPT271,365,"Title II, Department of Health and Human Services -- printed as 'Total, Title II, Department of Health and Human Services' [Bill]",AI-extracted,0.95,auto-validated,https://www.govinfo.gov/app/details/BILLS-119hr5304rh,https://www.govinfo.gov/app/details/CRPT-119hrpt271
OBS-LHHS-0415,ACC-HHS-TITLE-II-TOTAL,2026,House Reported,House,H.R.5304,H.Rept.119-271,108066863000,budget authority,discretionary,OBS-LHHS-0414,FALSE,,SRC-CRPT-119HRPT271,366,"Title II, Department of Health and Human Services -- printed as 'Total, Title II, Department of Health and Human Services discretionary' [Bill]",AI-extracted,0.95,auto-validated,https://www.govinfo.gov/app/details/BILLS-119hr5304rh,https://www.govinfo.gov/app/details/CRPT-119hrpt271
OBS-LHHS-0416,ACC-HHS-TITLE-II-TOTAL,2026,President's Budget,N/A,PREX 2.8:2026/APP,N/A,1521532778000,budget authority,,,FALSE,,SRC-CRPT-119HRPT271,365,"Title II, Department of Health and Human Services -- printed as 'Total, Title II, Department of Health and Human Services' [FY 2026 Request]",AI-extracted,0.95,auto-validated,https://www.govinfo.gov/content/pkg/BUDGET-2026-APP/pdf/BUDGET-2026-APP.pdf,N/A
OBS-LHHS-0417,ACC-HHS-TITLE-II-TOTAL,2026,President's Budget,N/A,PREX 2.8:2026/APP,N/A,83067660000,budget authority,discretionary,OBS-LHHS-0416,FALSE,,SRC-CRPT-119HRPT271,366,"Title II, Department of Health and Human Services -- printed as 'Total, Title II, Department of Health and Human Services discretionary' [FY 2026 Request]",AI-extracted,0.95,auto-validated,https://www.govinfo.gov/content/pkg/BUDGET-2026-APP/pdf/BUDGET-2026-APP.pdf,N/A
OBS-LHHS-0418,ACC-HHS-TITLE-II-TOTAL,2026,Senate Reported,Senate,S.2587,S.Rept.119-55,1555322508000,budget authority,,,FALSE,,SRC-CRPT-119SRPT55,442,"Title II, Department of Health and Human Services -- printed as 'Total, Title II, Department of Health and Human Services' [Committee recommendation]",text-extracted,0.5,flagged,https://www.govinfo.gov/app/details/BILLS-119s2587rs,https://www.govinfo.gov/app/details/CRPT-119srpt55
OBS-LHHS-0419,ACC-HHS-TITLE-II-TOTAL,2026,Senate Reported,Senate,S.2587,S.Rept.119-55,116857390000,budget authority,discretionary,OBS-LHHS-0418,FALSE,,SRC-CRPT-119SRPT55,442,"Title II, Department of Health and Human Services -- printed as 'Total, Title II, Department of Health and Human Services discretionary' [Committee recommendation]",text-extracted,0.95,unverified,https://www.govinfo.gov/app/details/BILLS-119s2587rs,https://www.govinfo.gov/app/details/CRPT-119srpt55
OBS-LHHS-0420,ACC-HHS-TITLE-II-TOTAL,2027,House Reported,House,H.R.9260,H.Rept.119-696,1606033805000,budget authority,,,FALSE,,SRC-CRPT-119HRPT696,396,"Title II, Department of Health and Human Services -- printed as 'Total, Title II, Department of Health and Human Services' [Committee Recommendation]",AI-extracted,0.95,auto-validated,https://www.govinfo.gov/app/details/BILLS-119hr9260rh,https://www.govinfo.gov/app/details/CRPT-119hrpt696
OBS-LHHS-0421,ACC-HHS-TITLE-II-TOTAL,2027,House Reported,House,H.R.9260,H.Rept.119-696,110767281000,budget authority,discretionary,OBS-LHHS-0420,FALSE,,SRC-CRPT-119HRPT696,396,"Title II, Department of Health and Human Services -- printed as 'Total, Title II, Department of Health and Human Services discretionary' [Committee Recommendation]",AI-extracted,0.95,auto-validated,https://www.govinfo.gov/app/details/BILLS-119hr9260rh,https://www.govinfo.gov/app/details/CRPT-119hrpt696
OBS-LHHS-0422,ACC-HHS-TITLE-II-TOTAL,2027,President's Budget,N/A,PREX 2.8:2027/APP,N/A,1593868985000,budget authority,,,FALSE,,SRC-CRPT-119HRPT696,396,"Title II, Department of Health and Human Services -- printed as 'Total, Title II, Department of Health and Human Services' [FY 2027 Request*]",AI-extracted,0.95,auto-validated,https://www.govinfo.gov/content/pkg/BUDGET-2027-APP/pdf/BUDGET-2027-APP.pdf,N/A
OBS-LHHS-0423,ACC-HHS-TITLE-II-TOTAL,2027,President's Budget,N/A,PREX 2.8:2027/APP,N/A,98602461000,budget authority,discretionary,OBS-LHHS-0422,FALSE,,SRC-CRPT-119HRPT696,396,"Title II, Department of Health and Human Services -- printed as 'Total, Title II, Department of Health and Human Services discretionary' [FY 2027 Request*]",AI-extracted,0.95,auto-validated,https://www.govinfo.gov/content/pkg/BUDGET-2027-APP/pdf/BUDGET-2027-APP.pdf,N/A
